[10:01:13][virtualfilesystem_physfs.cpp:460]: Mounted Data: C:/Program Files (x86)/Steam/steamapps/common/Victoria 3/clausewitz
[10:01:13][virtualfilesystem_physfs.cpp:460]: Mounted Data: C:/Program Files (x86)/Steam/steamapps/common/Victoria 3/jomini
[10:01:13][virtualfilesystem_physfs.cpp:460]: Mounted Data: C:/Program Files (x86)/Steam/steamapps/common/Victoria 3/platform_specific_game_data
[10:01:13][virtualfilesystem_physfs.cpp:460]: Mounted Data: C:/Program Files (x86)/Steam/steamapps/common/Victoria 3/game
[10:01:13][jomini_game_setup.cpp:134]: Log system initialized.
[10:01:13][pdx_task.cpp:87]: Spawning 9 normal worker threads
[10:01:13][pdx_task.cpp:88]: Spawning 4 below normal worker threads
[10:01:13][systemsettings.cpp:332]: "default_settings_v1_file" is not defined in path.settings. Default "pdx_default_settings.json" will be used.
[10:01:13][systemsettings.cpp:332]: "settings_v1_file" is not defined in path.settings. Default "pdx_settings.json" will be used.
[10:01:13][pdx_json_settings.cpp:325]: [SPdxJsonSettingsIO] "pdx_settings.json" file lacks "resolution" setting in "Graphics" category.
[10:01:13][defines.cpp:230]: Define 'MIN_COMBAT_UNITS_FOR_MULTIPLE_COMMANDERS_ABSOLUTE' defined in 'common/defines/00_ai.txt' not specified. Maybe a define macro is missing
[10:01:13][defines.cpp:230]: Define 'MIN_COMBAT_UNITS_FOR_MULTIPLE_COMMANDERS_RELATIVE' defined in 'common/defines/00_ai.txt' not specified. Maybe a define macro is missing
[10:01:13][defines.cpp:230]: Define 'RETIRE_COMMANDER_INTERACTION_KEY' defined in 'common/defines/00_ai.txt' not specified. Maybe a define macro is missing
[10:01:13][defines.cpp:230]: Define 'COMMANDER_DESIRED_RANK_DISPARITY_IN_ARMY' defined in 'common/defines/00_ai.txt' not specified. Maybe a define macro is missing
[10:01:13][defines.cpp:230]: Define 'COMMANDER_DESIRED_RANK_DISPARITY_IN_FLEET' defined in 'common/defines/00_ai.txt' not specified. Maybe a define macro is missing
[10:01:13][defines.cpp:230]: Define 'name' defined in 'common/defines/00_audio_persistent_objects.txt' not specified. Maybe a define macro is missing
[10:01:13][defines.cpp:230]: Define 'scope' defined in 'common/defines/00_audio_persistent_objects.txt' not specified. Maybe a define macro is missing
[10:01:13][defines.cpp:230]: Define 'CIVIL_WAR_UPRISING_STATE_EXCESSIVE_ARMY_FRACTION' defined in 'common/defines/00_defines.txt' not specified. Maybe a define macro is missing
[10:01:13][defines.cpp:230]: Define 'BUILDING_MAX_PROFIT_TO_PAUSE_HIRES' defined in 'common/defines/00_defines.txt' not specified. Maybe a define macro is missing
[10:01:13][defines.cpp:230]: Define 'WORLD_MARKET_MONOPOLY_MIN_SHARE' defined in 'common/defines/00_defines.txt' not specified. Maybe a define macro is missing
[10:01:13][defines.cpp:230]: Define 'HIGH_POP_THRESHOLD' defined in 'common/defines/00_defines.txt' not specified. Maybe a define macro is missing
[10:01:13][defines.cpp:230]: Define 'ROLE_RULER' defined in 'common/defines/00_defines.txt' not specified. Maybe a define macro is missing
[10:01:13][defines.cpp:230]: Define 'ROLE_HEIR' defined in 'common/defines/00_defines.txt' not specified. Maybe a define macro is missing
[10:01:13][defines.cpp:230]: Define 'TARGET_NUM_POOL_POLITICIANS_POWERFUL_IG' defined in 'common/defines/00_defines.txt' not specified. Maybe a define macro is missing
[10:01:13][defines.cpp:230]: Define 'TARGET_NUM_POOL_POLITICIANS_INFLUENTIAL_IG' defined in 'common/defines/00_defines.txt' not specified. Maybe a define macro is missing
[10:01:13][defines.cpp:230]: Define 'TARGET_NUM_POOL_POLITICIANS_MARGINAL_IG' defined in 'common/defines/00_defines.txt' not specified. Maybe a define macro is missing
[10:01:13][defines.cpp:230]: Define 'FLAGSHIP_DECORATION_LOCATOR' defined in 'common/defines/00_graphics.txt' not specified. Maybe a define macro is missing
[10:01:13][pdxfilewatcher_windows.cpp:363]: Invalid path passed in Directories: C:/Users/damie/Documents/Paradox Interactive/Victoria 3/tools_import
[10:01:13][main.cpp:564]: Total startup duration: 0.3203903 seconds
[10:01:13][pdx_account.cpp:600]: Starting up PDX SDK
[10:01:13][gfx_dx11_master_context.cpp:149]: Adapter 0: NVIDIA GeForce GTX 1660 SUPER (5966.00 MB)
[10:01:13][gfx_dx11_master_context.cpp:149]: Adapter 1: Microsoft Basic Render Driver (0.00 MB)
[10:01:13][gfx_dx11_master_context.cpp:149]: Selected adapter: NVIDIA GeForce GTX 1660 SUPER (5966.00 MB)
[10:01:13][gfx_dx11_master_context.cpp:296]: VendorId: 4318
[10:01:13][gfx_dx11_master_context.cpp:297]: DeviceId: 8644
[10:01:13][gfx_dx11_master_context.cpp:298]: SubSysId: 2267680835
[10:01:13][gfx_dx11_master_context.cpp:299]: Revision: 161
[10:01:13][pdx_json_settings.cpp:325]: [SPdxJsonSettingsIO] "pdx_settings.json" file lacks "upscale" setting in "Graphics" category.
[10:01:13][pdx_json_settings.cpp:325]: [SPdxJsonSettingsIO] "pdx_settings.json" file lacks "upscale_quality" setting in "Graphics" category.
[10:01:13][pdx_json_settings.cpp:325]: [SPdxJsonSettingsIO] "pdx_settings.json" file lacks "multi_sampling" setting in "Graphics" category.
[10:01:13][pdx_audio2.cpp:540]: Legacy setting: audio_profile_headphones_path, use audio_profiles setting instead
[10:01:13][pdx_audio2.cpp:547]: Legacy setting: audio_profile_tv_path, use audio_profiles setting instead
[10:01:13][pdx_audio2.cpp:554]: Legacy setting: audio_profile_nightmode_path, use audio_profiles setting instead
[10:01:13][pdx_audio2.cpp:614]: Creating FMOD sound engine
[10:01:14][jominiapplication.cpp:698]: DLC:
Voice of the People Preorder|dlc/dlc006_voice_of_the_people_preorder/dlc006.dlc
Pivot of Empire|dlc/dlc011_ip2/dlc011_ip2.dlc
Victoria 2 Remastered Soundtrack|dlc/dlc001_preorder/dlc001.dlc
National Awakening|dlc/dlc014_ip3/dlc014_ip3.dlc
Songs of the Homeland|dlc/dlc015_songs_of_the_homeland/dlc015.dlc
Region Pack 1|dlc/dlc008_rp1/dlc008_rp1.dlc
Free Trains Pack|dlc/dlc009_trains_pack/dlc009_trains_pack.dlc
Sphere of Influence|dlc/dlc010_ep1/dlc010_ep1.dlc
Dawn of Wonder|dlc/dlc007_ap1/dlc007_ap1.dlc
Voice of the People|dlc/dlc004_voice_of_the_people/dlc004.dlc
Trade Ships Bonus Pack|dlc/dlc012_trade_ships_bonus_pack/dlc012_trade_ships_bonus_pack.dlc
Charters of Commerce|dlc/dlc013_mp1/dlc013_mp1.dlc
American Buildings Pack|dlc/dlc002_american_buildings/dlc002.dlc
Melodies for the Masses|dlc/dlc003_melodies_for_the_masses/dlc003.dlc
Iberian Twilight|dlc/dlc016_ip4/dlc016_ip4.dlc
Mod:
Smart Notifications|C:\Program Files (x86)\Steam\steamapps\workshop\content\529340\3799284646
Build All: Bulk Construction, One Click|C:\Program Files (x86)\Steam\steamapps\workshop\content\529340\3803950977
Smart Treaties: what each goods trade earns you|C:\Program Files (x86)\Steam\steamapps\workshop\content\529340\3814823352

[10:01:14][virtualfilesystem_physfs.cpp:460]: Mounted Data: C:/Program Files (x86)/Steam/steamapps/common/Victoria 3/game/dlc/dlc006_voice_of_the_people_preorder
[10:01:14][virtualfilesystem_physfs.cpp:460]: Mounted Data: C:/Program Files (x86)/Steam/steamapps/common/Victoria 3/game/dlc/dlc004_voice_of_the_people
[10:01:14][virtualfilesystem_physfs.cpp:460]: Mounted Data: C:/Program Files (x86)/Steam/steamapps/common/Victoria 3/game/dlc/dlc001_preorder
[10:01:14][virtualfilesystem_physfs.cpp:460]: Mounted Data: C:/Program Files (x86)/Steam/steamapps/common/Victoria 3/game/dlc/dlc012_trade_ships_bonus_pack
[10:01:14][virtualfilesystem_physfs.cpp:460]: Mounted Data: C:/Program Files (x86)/Steam/steamapps/common/Victoria 3/game/dlc/dlc010_ep1
[10:01:14][virtualfilesystem_physfs.cpp:460]: Mounted Data: C:/Program Files (x86)/Steam/steamapps/common/Victoria 3/game/dlc/dlc015_songs_of_the_homeland
[10:01:14][virtualfilesystem_physfs.cpp:460]: Mounted Data: C:/Program Files (x86)/Steam/steamapps/common/Victoria 3/game/dlc/dlc008_rp1
[10:01:14][virtualfilesystem_physfs.cpp:460]: Mounted Data: C:/Program Files (x86)/Steam/steamapps/common/Victoria 3/game/dlc/dlc011_ip2
[10:01:14][virtualfilesystem_physfs.cpp:460]: Mounted Data: C:/Program Files (x86)/Steam/steamapps/common/Victoria 3/game/dlc/dlc014_ip3
[10:01:14][virtualfilesystem_physfs.cpp:460]: Mounted Data: C:/Program Files (x86)/Steam/steamapps/common/Victoria 3/game/dlc/dlc003_melodies_for_the_masses
[10:01:14][virtualfilesystem_physfs.cpp:460]: Mounted Data: C:/Program Files (x86)/Steam/steamapps/common/Victoria 3/game/dlc/dlc016_ip4
[10:01:14][virtualfilesystem_physfs.cpp:460]: Mounted Data: C:/Program Files (x86)/Steam/steamapps/common/Victoria 3/game/dlc/dlc009_trains_pack
[10:01:14][virtualfilesystem_physfs.cpp:460]: Mounted Data: C:/Program Files (x86)/Steam/steamapps/common/Victoria 3/game/dlc/dlc007_ap1
[10:01:14][virtualfilesystem_physfs.cpp:460]: Mounted Data: C:/Program Files (x86)/Steam/steamapps/common/Victoria 3/game/dlc/dlc013_mp1
[10:01:14][virtualfilesystem_physfs.cpp:460]: Mounted Data: C:/Program Files (x86)/Steam/steamapps/common/Victoria 3/game/dlc/dlc002_american_buildings
[10:01:14][virtualfilesystem_physfs.cpp:460]: Mounted Data: C:/Program Files (x86)/Steam/steamapps/workshop/content/529340/3799284646
[10:01:14][virtualfilesystem_physfs.cpp:460]: Mounted Data: C:/Program Files (x86)/Steam/steamapps/workshop/content/529340/3803950977
[10:01:14][virtualfilesystem_physfs.cpp:460]: Mounted Data: C:/Program Files (x86)/Steam/steamapps/workshop/content/529340/3814823352
[10:01:14][dlc.cpp:753]: Mod Smart Notifications (smart_notifications) version 1.13.* does not match game version 1.14.5.
[10:01:14][dlc.cpp:753]: Mod Build All: Bulk Construction, One Click (bulk_construction) version 1.13.* does not match game version 1.14.5.
[10:01:14][dlc.cpp:753]: Mod Smart Treaties: what each goods trade earns you (smart_trade) version 1.13.* does not match game version 1.14.5.
[10:01:14][pdx_matchmaking.cpp:62]: Matchmaking Interface: Steam
[10:01:15][defines.cpp:230]: Define 'MIN_COMBAT_UNITS_FOR_MULTIPLE_COMMANDERS_ABSOLUTE' defined in 'common/defines/00_ai.txt' not specified. Maybe a define macro is missing
[10:01:15][defines.cpp:230]: Define 'MIN_COMBAT_UNITS_FOR_MULTIPLE_COMMANDERS_RELATIVE' defined in 'common/defines/00_ai.txt' not specified. Maybe a define macro is missing
[10:01:15][defines.cpp:230]: Define 'RETIRE_COMMANDER_INTERACTION_KEY' defined in 'common/defines/00_ai.txt' not specified. Maybe a define macro is missing
[10:01:15][defines.cpp:230]: Define 'COMMANDER_DESIRED_RANK_DISPARITY_IN_ARMY' defined in 'common/defines/00_ai.txt' not specified. Maybe a define macro is missing
[10:01:15][defines.cpp:230]: Define 'COMMANDER_DESIRED_RANK_DISPARITY_IN_FLEET' defined in 'common/defines/00_ai.txt' not specified. Maybe a define macro is missing
[10:01:15][defines.cpp:230]: Define 'name' defined in 'common/defines/00_audio_persistent_objects.txt' not specified. Maybe a define macro is missing
[10:01:15][defines.cpp:230]: Define 'scope' defined in 'common/defines/00_audio_persistent_objects.txt' not specified. Maybe a define macro is missing
[10:01:15][defines.cpp:230]: Define 'CIVIL_WAR_UPRISING_STATE_EXCESSIVE_ARMY_FRACTION' defined in 'common/defines/00_defines.txt' not specified. Maybe a define macro is missing
[10:01:15][defines.cpp:230]: Define 'BUILDING_MAX_PROFIT_TO_PAUSE_HIRES' defined in 'common/defines/00_defines.txt' not specified. Maybe a define macro is missing
[10:01:15][defines.cpp:230]: Define 'WORLD_MARKET_MONOPOLY_MIN_SHARE' defined in 'common/defines/00_defines.txt' not specified. Maybe a define macro is missing
[10:01:15][defines.cpp:230]: Define 'HIGH_POP_THRESHOLD' defined in 'common/defines/00_defines.txt' not specified. Maybe a define macro is missing
[10:01:15][defines.cpp:230]: Define 'ROLE_RULER' defined in 'common/defines/00_defines.txt' not specified. Maybe a define macro is missing
[10:01:15][defines.cpp:230]: Define 'ROLE_HEIR' defined in 'common/defines/00_defines.txt' not specified. Maybe a define macro is missing
[10:01:15][defines.cpp:230]: Define 'TARGET_NUM_POOL_POLITICIANS_POWERFUL_IG' defined in 'common/defines/00_defines.txt' not specified. Maybe a define macro is missing
[10:01:15][defines.cpp:230]: Define 'TARGET_NUM_POOL_POLITICIANS_INFLUENTIAL_IG' defined in 'common/defines/00_defines.txt' not specified. Maybe a define macro is missing
[10:01:15][defines.cpp:230]: Define 'TARGET_NUM_POOL_POLITICIANS_MARGINAL_IG' defined in 'common/defines/00_defines.txt' not specified. Maybe a define macro is missing
[10:01:15][defines.cpp:230]: Define 'FLAGSHIP_DECORATION_LOCATOR' defined in 'common/defines/00_graphics.txt' not specified. Maybe a define macro is missing
[10:01:15][virtualfilesystem.cpp:420]: Starting pre-enumerating 'gfx/models'(.asset, , -1)
[10:01:15][virtualfilesystem.cpp:420]: Starting pre-enumerating 'fonts'(.font, , -1)
[10:01:15][virtualfilesystem.cpp:420]: Starting pre-enumerating 'gui'(.gui, , -1)
[10:01:15][application.cpp:925]: Starting checksum calculation
[10:01:15][application.cpp:975]: Feeding into checksum: BLOCK_MP_AND_IRONMAN
[10:01:15][application.cpp:983]: Feeding game version into checksum: 1.14.5
[10:01:15][virtualfilesystem.cpp:420]: Starting pre-enumerating 'gfx/loadingscreens'(.dds, , 0)
[10:01:15][virtualfilesystem.cpp:420]: Starting pre-enumerating 'gfx/frontend/interface/frontend/startscreen.dds'(.dds, , 0)
[10:01:15][virtualfilesystem.cpp:420]: Starting pre-enumerating 'common/script_values'(.txt, , 0)
[10:01:15][virtualfilesystem.cpp:420]: Starting pre-enumerating 'common/scripted_effects'(.txt, , 0)
[10:01:15][virtualfilesystem.cpp:420]: Starting pre-enumerating 'common/scripted_triggers'(.txt, , 0)
[10:01:15][virtualfilesystem.cpp:420]: Starting pre-enumerating 'common/scripted_modifiers'(.txt, , 0)
[10:01:15][virtualfilesystem.cpp:420]: Starting pre-enumerating 'common/scripted_lists'(.txt, , 0)
[10:01:15][virtualfilesystem.cpp:420]: Starting pre-enumerating 'common/scripted_guis'(.txt, , 0)
[10:01:15][virtualfilesystem.cpp:420]: Starting pre-enumerating 'common/scripted_rules'(.txt, , 0)
[10:01:15][virtualfilesystem.cpp:420]: Starting pre-enumerating 'common/customizable_localization'(.txt, , 0)
[10:01:15][virtualfilesystem.cpp:420]: Starting pre-enumerating 'common/named_colors'(.txt, , 0)
[10:01:15][virtualfilesystem.cpp:420]: Starting pre-enumerating 'common/coat_of_arms/coat_of_arms'(.txt, , 0)
[10:01:15][virtualfilesystem.cpp:420]: Starting pre-enumerating 'common/coat_of_arms/template_lists'(.txt, , 0)
[10:01:15][virtualfilesystem.cpp:420]: Starting pre-enumerating 'common/ethnicities'(.txt, , 0)
[10:01:15][virtualfilesystem.cpp:420]: Starting pre-enumerating 'common/genes'(.txt, , 0)
[10:01:15][virtualfilesystem.cpp:420]: Starting pre-enumerating 'gfx/portraits/accessory_variations'(.txt, , 0)
[10:01:15][virtualfilesystem.cpp:420]: Starting pre-enumerating 'gfx/portraits/accessories'(.txt, , 0)
[10:01:15][virtualfilesystem.cpp:420]: Starting pre-enumerating 'gfx/portraits/portrait_animations'(.txt, , 0)
[10:01:15][virtualfilesystem.cpp:420]: Starting pre-enumerating 'gfx/portraits/cameras/'(.txt, , 0)
[10:01:15][virtualfilesystem.cpp:420]: Starting pre-enumerating 'gfx/portraits/environments/'(.txt, , 0)
[10:01:15][virtualfilesystem.cpp:420]: Starting pre-enumerating 'gfx/portraits/portrait_modifiers'(.txt, , 0)
[10:01:15][virtualfilesystem.cpp:388]: Done enumerating 'fonts'(.font, , -1) in 0.019 seconds
[10:01:15][virtualfilesystem.cpp:420]: Starting pre-enumerating 'common/game_concepts'(.txt, , 0)
[10:01:15][virtualfilesystem.cpp:420]: Starting pre-enumerating 'common/ai_strategies'(.txt, , 0)
[10:01:15][virtualfilesystem.cpp:420]: Starting pre-enumerating 'common/alert_types'(.txt, , 0)
[10:01:15][virtualfilesystem.cpp:388]: Done enumerating 'gfx/loadingscreens'(.dds, , 0) in 0.002 seconds
[10:01:15][virtualfilesystem.cpp:388]: Done enumerating 'gfx/frontend/interface/frontend/startscreen.dds'(.dds, , 0) in 0.001 seconds
[10:01:15][virtualfilesystem.cpp:420]: Starting pre-enumerating 'common/buildings'(.txt, , 0)
[10:01:15][virtualfilesystem.cpp:420]: Starting pre-enumerating 'common/building_groups'(.txt, , 0)
[10:01:15][virtualfilesystem.cpp:388]: Done enumerating 'common/script_values'(.txt, , 0) in 0.002 seconds
[10:01:15][virtualfilesystem.cpp:420]: Starting pre-enumerating 'common/buy_packages'(.txt, , 0)
[10:01:15][virtualfilesystem.cpp:388]: Done enumerating 'common/scripted_effects'(.txt, , 0) in 0.001 seconds
[10:01:15][virtualfilesystem.cpp:420]: Starting pre-enumerating 'common/pop_needs'(.txt, , 0)
[10:01:15][virtualfilesystem.cpp:388]: Done enumerating 'common/scripted_triggers'(.txt, , 0) in 0.001 seconds
[10:01:15][virtualfilesystem.cpp:420]: Starting pre-enumerating 'common/cultures'(.txt, , 0)
[10:01:15][virtualfilesystem.cpp:388]: Done enumerating 'common/scripted_modifiers'(.txt, , 0) in 0.001 seconds
[10:01:15][virtualfilesystem.cpp:420]: Starting pre-enumerating 'common/country_types'(.txt, , 0)
[10:01:15][virtualfilesystem.cpp:388]: Done enumerating 'common/scripted_lists'(.txt, , 0) in 0.001 seconds
[10:01:15][virtualfilesystem.cpp:420]: Starting pre-enumerating 'common/country_ranks'(.txt, , 0)
[10:01:15][virtualfilesystem.cpp:388]: Done enumerating 'common/scripted_guis'(.txt, , 0) in 0.001 seconds
[10:01:15][virtualfilesystem.cpp:420]: Starting pre-enumerating 'common/diplomatic_actions'(.txt, , 0)
[10:01:15][virtualfilesystem.cpp:388]: Done enumerating 'common/scripted_rules'(.txt, , 0) in 0.001 seconds
[10:01:15][virtualfilesystem.cpp:420]: Starting pre-enumerating 'common/diplomatic_plays'(.txt, , 0)
[10:01:15][virtualfilesystem.cpp:388]: Done enumerating 'common/customizable_localization'(.txt, , 0) in 0.001 seconds
[10:01:15][virtualfilesystem.cpp:420]: Starting pre-enumerating 'common/dynamic_country_names'(.txt, , 0)
[10:01:15][virtualfilesystem.cpp:388]: Done enumerating 'common/named_colors'(.txt, , 0) in 0.001 seconds
[10:01:15][virtualfilesystem.cpp:420]: Starting pre-enumerating 'common/game_rules'(.txt, , 0)
[10:01:15][virtualfilesystem.cpp:388]: Done enumerating 'common/coat_of_arms/coat_of_arms'(.txt, , 0) in 0.001 seconds
[10:01:15][virtualfilesystem.cpp:420]: Starting pre-enumerating 'common/goods'(.txt, , 0)
[10:01:15][virtualfilesystem.cpp:388]: Done enumerating 'common/coat_of_arms/template_lists'(.txt, , 0) in 0.001 seconds
[10:01:15][virtualfilesystem.cpp:420]: Starting pre-enumerating 'common/ideologies'(.txt, , 0)
[10:01:15][virtualfilesystem.cpp:388]: Done enumerating 'common/ethnicities'(.txt, , 0) in 0.001 seconds
[10:01:15][virtualfilesystem.cpp:420]: Starting pre-enumerating 'common/interest_groups'(.txt, , 0)
[10:01:15][virtualfilesystem.cpp:420]: Starting pre-enumerating 'common/interest_group_traits'(.txt, , 0)
[10:01:15][virtualfilesystem.cpp:388]: Done enumerating 'common/genes'(.txt, , 0) in 0.001 seconds
[10:01:15][virtualfilesystem.cpp:420]: Starting pre-enumerating 'common/government_types'(.txt, , 0)
[10:01:15][virtualfilesystem.cpp:388]: Done enumerating 'gfx/portraits/accessory_variations'(.txt, , 0) in 0.001 seconds
[10:01:15][virtualfilesystem.cpp:420]: Starting pre-enumerating 'common/on_actions'(.txt, , 0)
[10:01:15][virtualfilesystem.cpp:388]: Done enumerating 'gfx/portraits/accessories'(.txt, , 0) in 0.001 seconds
[10:01:15][virtualfilesystem.cpp:420]: Starting pre-enumerating 'common/objectives'(.txt, , 0)
[10:01:15][virtualfilesystem.cpp:388]: Done enumerating 'gui'(.gui, , -1) in 0.041 seconds
[10:01:15][virtualfilesystem.cpp:420]: Starting pre-enumerating 'common/objective_subgoals'(.txt, , 0)
[10:01:15][virtualfilesystem.cpp:388]: Done enumerating 'gfx/portraits/portrait_animations'(.txt, , 0) in 0.001 seconds
[10:01:15][virtualfilesystem.cpp:420]: Starting pre-enumerating 'common/objective_subgoal_categories'(.txt, , 0)
[10:01:15][virtualfilesystem.cpp:388]: Done enumerating 'gfx/portraits/cameras/'(.txt, , 0) in 0.001 seconds
[10:01:15][virtualfilesystem.cpp:388]: Done enumerating 'gfx/portraits/environments/'(.txt, , 0) in 0.001 seconds
[10:01:15][virtualfilesystem.cpp:388]: Done enumerating 'gfx/portraits/portrait_modifiers'(.txt, , 0) in 0.001 seconds
[10:01:15][virtualfilesystem.cpp:420]: Starting pre-enumerating 'common/proposal_types'(.txt, , 0)
[10:01:15][virtualfilesystem.cpp:388]: Done enumerating 'common/game_concepts'(.txt, , 0) in 0.001 seconds
[10:01:15][virtualfilesystem.cpp:388]: Done enumerating 'common/ai_strategies'(.txt, , 0) in 0.001 seconds
[10:01:15][virtualfilesystem.cpp:420]: Starting pre-enumerating 'common/laws'(.txt, , 0)
[10:01:15][virtualfilesystem.cpp:388]: Done enumerating 'common/alert_types'(.txt, , 0) in 0.001 seconds
[10:01:15][virtualfilesystem.cpp:388]: Done enumerating 'common/buildings'(.txt, , 0) in 0.001 seconds
[10:01:15][virtualfilesystem.cpp:420]: Starting pre-enumerating 'common/institutions'(.txt, , 0)
[10:01:15][virtualfilesystem.cpp:388]: Done enumerating 'common/building_groups'(.txt, , 0) in 0.001 seconds
[10:01:15][virtualfilesystem.cpp:388]: Done enumerating 'common/buy_packages'(.txt, , 0) in 0.001 seconds
[10:01:15][virtualfilesystem.cpp:420]: Starting pre-enumerating 'common/journal_entries'(.txt, , 0)
[10:01:15][virtualfilesystem.cpp:420]: Starting pre-enumerating 'common/law_groups'(.txt, , 0)
[10:01:15][virtualfilesystem.cpp:388]: Done enumerating 'common/pop_needs'(.txt, , 0) in 0.001 seconds
[10:01:15][virtualfilesystem.cpp:388]: Done enumerating 'common/cultures'(.txt, , 0) in 0.001 seconds
[10:01:15][virtualfilesystem.cpp:420]: Starting pre-enumerating 'common/pop_types'(.txt, , 0)
[10:01:15][virtualfilesystem.cpp:388]: Done enumerating 'common/country_ranks'(.txt, , 0) in 0.001 seconds
[10:01:15][virtualfilesystem.cpp:388]: Done enumerating 'common/country_types'(.txt, , 0) in 0.001 seconds
[10:01:15][virtualfilesystem.cpp:388]: Done enumerating 'common/diplomatic_actions'(.txt, , 0) in 0.001 seconds
[10:01:15][virtualfilesystem.cpp:388]: Done enumerating 'common/diplomatic_plays'(.txt, , 0) in 0.001 seconds
[10:01:15][virtualfilesystem.cpp:388]: Done enumerating 'common/game_rules'(.txt, , 0) in 0.001 seconds
[10:01:15][virtualfilesystem.cpp:388]: Done enumerating 'common/dynamic_country_names'(.txt, , 0) in 0.001 seconds
[10:01:15][virtualfilesystem.cpp:420]: Starting pre-enumerating 'common/religions'(.txt, , 0)
[10:01:15][virtualfilesystem.cpp:388]: Done enumerating 'common/goods'(.txt, , 0) in 0.001 seconds
[10:01:15][virtualfilesystem.cpp:388]: Done enumerating 'common/ideologies'(.txt, , 0) in 0.001 seconds
[10:01:15][virtualfilesystem.cpp:388]: Done enumerating 'common/interest_groups'(.txt, , 0) in 0.001 seconds
[10:01:15][virtualfilesystem.cpp:388]: Done enumerating 'common/interest_group_traits'(.txt, , 0) in 0.001 seconds
[10:01:15][virtualfilesystem.cpp:420]: Starting pre-enumerating 'common/subject_types'(.txt, , 0)
[10:01:15][virtualfilesystem.cpp:388]: Done enumerating 'common/government_types'(.txt, , 0) in 0.001 seconds
[10:01:15][virtualfilesystem.cpp:420]: Starting pre-enumerating 'common/state_traits'(.txt, , 0)
[10:01:15][virtualfilesystem.cpp:388]: Done enumerating 'common/on_actions'(.txt, , 0) in 0.002 seconds
[10:01:15][virtualfilesystem.cpp:388]: Done enumerating 'common/objectives'(.txt, , 0) in 0.001 seconds
[10:01:15][virtualfilesystem.cpp:420]: Starting pre-enumerating 'common/strategic_regions'(.txt, , 0)
[10:01:15][virtualfilesystem.cpp:388]: Done enumerating 'common/objective_subgoals'(.txt, , 0) in 0.001 seconds
[10:01:15][virtualfilesystem.cpp:420]: Starting pre-enumerating 'common/technology/eras'(.txt, , 0)
[10:01:15][virtualfilesystem.cpp:388]: Done enumerating 'common/objective_subgoal_categories'(.txt, , 0) in 0.001 seconds
[10:01:15][virtualfilesystem.cpp:388]: Done enumerating 'common/proposal_types'(.txt, , 0) in 0.001 seconds
[10:01:15][virtualfilesystem.cpp:388]: Done enumerating 'common/laws'(.txt, , 0) in 0.001 seconds
[10:01:15][virtualfilesystem.cpp:388]: Done enumerating 'common/institutions'(.txt, , 0) in 0.001 seconds
[10:01:15][virtualfilesystem.cpp:420]: Starting pre-enumerating 'common/character_traits'(.txt, , 0)
[10:01:15][virtualfilesystem.cpp:388]: Done enumerating 'common/law_groups'(.txt, , 0) in 0.001 seconds
[10:01:15][virtualfilesystem.cpp:420]: Starting pre-enumerating 'common/character_templates'(.txt, , 0)
[10:01:15][virtualfilesystem.cpp:388]: Done enumerating 'common/pop_types'(.txt, , 0) in 0.001 seconds
[10:01:15][virtualfilesystem.cpp:388]: Done enumerating 'common/religions'(.txt, , 0) in 0.001 seconds
[10:01:15][virtualfilesystem.cpp:388]: Done enumerating 'common/journal_entries'(.txt, , 0) in 0.005 seconds
[10:01:15][virtualfilesystem.cpp:388]: Done enumerating 'common/subject_types'(.txt, , 0) in 0.001 seconds
[10:01:15][virtualfilesystem.cpp:420]: Starting pre-enumerating 'common/country_definitions'(.txt, , 0)
[10:01:15][virtualfilesystem.cpp:388]: Done enumerating 'common/strategic_regions'(.txt, , 0) in 0.001 seconds
[10:01:15][virtualfilesystem.cpp:420]: Starting pre-enumerating 'common/country_formation'(.txt, , 0)
[10:01:15][virtualfilesystem.cpp:388]: Done enumerating 'common/state_traits'(.txt, , 0) in 0.001 seconds
[10:01:15][virtualfilesystem.cpp:388]: Done enumerating 'common/technology/eras'(.txt, , 0) in 0.001 seconds
[10:01:15][virtualfilesystem.cpp:420]: Starting pre-enumerating 'common/country_creation'(.txt, , 0)
[10:01:15][virtualfilesystem.cpp:388]: Done enumerating 'common/character_traits'(.txt, , 0) in 0.002 seconds
[10:01:15][virtualfilesystem.cpp:420]: Starting pre-enumerating 'common/terrain'(.txt, , 0)
[10:01:15][virtualfilesystem.cpp:420]: Starting pre-enumerating 'events'(.txt, , 0)
[10:01:15][virtualfilesystem.cpp:388]: Done enumerating 'common/character_templates'(.txt, , 0) in 0.002 seconds
[10:01:15][virtualfilesystem.cpp:388]: Done enumerating 'common/country_definitions'(.txt, , 0) in 0.001 seconds
[10:01:15][virtualfilesystem.cpp:420]: Starting pre-enumerating 'map_data/state_regions'(.txt, , 0)
[10:01:15][virtualfilesystem.cpp:388]: Done enumerating 'common/country_formation'(.txt, , 0) in 0.001 seconds
[10:01:15][virtualfilesystem.cpp:388]: Done enumerating 'common/country_creation'(.txt, , 0) in 0.001 seconds
[10:01:15][virtualfilesystem.cpp:420]: Starting pre-enumerating 'gfx/map/city_data/city_types'(.txt, , 0)
[10:01:15][virtualfilesystem.cpp:420]: Starting pre-enumerating 'gfx/map/spline_network/route_graphics'(.txt, , 0)
[10:01:15][virtualfilesystem.cpp:388]: Done enumerating 'common/terrain'(.txt, , 0) in 0.001 seconds
[10:01:15][virtualfilesystem.cpp:420]: Starting pre-enumerating 'gfx/map/spline_network/military_route_graphics'(.txt, , 0)
[10:01:15][virtualfilesystem.cpp:388]: Done enumerating 'map_data/state_regions'(.txt, , 0) in 0.001 seconds
[10:01:15][virtualfilesystem.cpp:388]: Done enumerating 'events'(.txt, , 0) in 0.003 seconds
[10:01:15][virtualfilesystem.cpp:420]: Starting pre-enumerating 'common/achievements'(.txt, , 0)
[10:01:15][virtualfilesystem.cpp:388]: Done enumerating 'gfx/map/city_data/city_types'(.txt, , 0) in 0.001 seconds
[10:01:15][virtualfilesystem.cpp:420]: Starting pre-enumerating 'gfx/map/gradient_border_settings'(.txt, , 0)
[10:01:15][virtualfilesystem.cpp:388]: Done enumerating 'gfx/map/spline_network/route_graphics'(.txt, , 0) in 0.002 seconds
[10:01:15][virtualfilesystem.cpp:420]: Starting pre-enumerating 'gfx/map/map_modes'(.txt, , 0)
[10:01:15][virtualfilesystem.cpp:388]: Done enumerating 'gfx/map/spline_network/military_route_graphics'(.txt, , 0) in 0.001 seconds
[10:01:15][virtualfilesystem.cpp:420]: Starting pre-enumerating 'common/map_interaction_types'(.txt, , 0)
[10:01:15][virtualfilesystem.cpp:388]: Done enumerating 'common/achievements'(.txt, , 0) in 0.001 seconds
[10:01:15][virtualfilesystem.cpp:388]: Done enumerating 'gfx/map/gradient_border_settings'(.txt, , 0) in 0.001 seconds
[10:01:15][virtualfilesystem.cpp:420]: Starting pre-enumerating 'common/company_charter_types'(.txt, , 0)
[10:01:15][virtualfilesystem.cpp:420]: Starting pre-enumerating 'localization/replace'(.yml, , 0)
[10:01:15][virtualfilesystem.cpp:388]: Done enumerating 'gfx/map/map_modes'(.txt, , 0) in 0.001 seconds
[10:01:15][virtualfilesystem.cpp:388]: Done enumerating 'common/map_interaction_types'(.txt, , 0) in 0.001 seconds
[10:01:15][virtualfilesystem.cpp:388]: Done enumerating 'common/company_charter_types'(.txt, , 0) in 0.001 seconds
[10:01:15][virtualfilesystem.cpp:388]: Done enumerating 'localization/replace'(.yml, , 0) in 0.001 seconds
[10:01:16][pdx_localize.cpp:231]: Key 'POP_EFFECT_FILTER' defined in multiple files: 'localization/english/effects_l_english.yml', 'localization/replace/english/smart_notifications_event_context_l_english.yml'
[10:01:16][pdx_localize.cpp:231]: Key 'ADD_RADICALS_IN_STATE_THIRD' defined in multiple files: 'localization/english/effects_l_english.yml', 'localization/replace/english/smart_notifications_event_context_l_english.yml'
[10:01:16][pdx_localize.cpp:231]: Key 'ADD_LOYALISTS_IN_STATE_THIRD' defined in multiple files: 'localization/english/effects_l_english.yml', 'localization/replace/english/smart_notifications_event_context_l_english.yml'
[10:01:16][pdx_localize.cpp:231]: Key 'POP_EFFECT_FILTER_INTEREST_GROUP' defined in multiple files: 'localization/english/effects_l_english.yml', 'localization/replace/english/smart_notifications_event_context_l_english.yml'
[10:01:16][pdx_localize.cpp:231]: Key 'POP_EFFECT_FILTER_CULTURE' defined in multiple files: 'localization/english/effects_l_english.yml', 'localization/replace/english/smart_notifications_event_context_l_english.yml'
[10:01:16][pdx_localize.cpp:231]: Key 'POP_EFFECT_FILTER_RELIGION' defined in multiple files: 'localization/english/effects_l_english.yml', 'localization/replace/english/smart_notifications_event_context_l_english.yml'
[10:01:16][pdx_localize.cpp:231]: Key 'POP_EFFECT_FILTER_POP_TYPE' defined in multiple files: 'localization/english/effects_l_english.yml', 'localization/replace/english/smart_notifications_event_context_l_english.yml'
[10:01:16][pdx_localize.cpp:231]: Key 'FIXED_EXPENSES_BREAKDOWN' defined in multiple files: 'localization/english/interfaces_l_english.yml', 'localization/replace/english/smart_trade_treasury_l_english.yml'
[10:01:16][pdx_localize.cpp:231]: Key 'EXPENSES_BREAKDOWN' defined in multiple files: 'localization/english/interfaces_l_english.yml', 'localization/replace/english/smart_trade_treasury_l_english.yml'
[10:01:17][pdxassetutil.cpp:304]: ThreadedInitTextureLookup: gfx/models
[10:01:18][virtualfilesystem.cpp:388]: Done enumerating 'gfx/models'(.asset, , -1) in 2.934 seconds
[10:01:18][pdxassetutil.cpp:313]: ThreadedInitTextureLookup found 5432 files
[10:01:18][pdx_json_settings.cpp:325]: [SPdxJsonSettingsIO] "pdx_settings.json" file lacks "disabled_tracks" setting in "Audio" category.
[10:01:19][pdx_json_settings.cpp:325]: [SPdxJsonSettingsIO] "pdx_settings.json" file lacks "volume.vca:/Master" setting in "Audio" category.
[10:01:19][pdx_json_settings.cpp:425]: [SPdxJsonSettingsIO] Category:"System" Setting:"common" won't be written 
[10:01:19][jomini_social.cpp:20]: Created Jomini Social
[10:01:22][virtualfilesystem.cpp:569]: Could not find texture due to 'VFSOpen Error: gfx/interface/icons/alert_icons/repairing.dds not found'
[10:01:44][pdx_3dtypes.cpp:217]: Total time "powerbloc_pedestal_04_mesh" in 1050 ms
[10:01:44][pdx_3dtypes.cpp:217]: Total time "powerbloc_pedestal_05_mesh" in 976 ms
[10:01:44][pdx_3dtypes.cpp:217]: Total time "monument_observatorygreenwich_mesh" in 787 ms
[10:01:44][pdx_3dtypes.cpp:217]: Total time "diorama_battle_squad_ground_01_mesh" in 630 ms
[10:01:44][pdx_3dtypes.cpp:217]: Total time "wonder_pena_palace_post_restored_mesh" in 531 ms
[10:01:44][pdx_3dtypes.cpp:217]: Total time "female_head_mesh" in 511 ms
[10:01:44][pdx_3dtypes.cpp:217]: Total time "predreadnought_base_mesh" in 506 ms
[10:01:44][pdx_3dtypes.cpp:217]: Total time "balkan_port_fishingwharf_02_mesh" in 491 ms
[10:01:44][pdx_3dtypes.cpp:217]: Total time "wonder_atocha_railway_station_mesh" in 459 ms
[10:01:44][pdx_3dtypes.cpp:217]: Total time "latin_lighthouse_01_mesh" in 394 ms
[10:01:44][pdx_3dtypes.cpp:217]: Total time "canal_kiel_mesh" in 394 ms
[10:01:44][pdx_3dtypes.cpp:217]: Total time "male_head_mesh" in 387 ms
[10:01:44][pdx_3dtypes.cpp:217]: Total time "asian_urban_port_fishingwharf_01_mesh" in 386 ms
[10:01:44][pdx_3dtypes.cpp:217]: Total time "ship_marmara_01_mesh" in 373 ms
[10:01:44][pdx_3dtypes.cpp:217]: Total time "european_train_locomotive_01_mesh" in 372 ms
[10:01:44][pdx_3dtypes.cpp:217]: Total time "asian_urban_residential_rich_03_mesh" in 372 ms
[10:01:44][pdx_3dtypes.cpp:217]: Total time "military_navy_destroyer_generic_mesh" in 372 ms
[10:01:44][pdx_3dtypes.cpp:217]: Total time "wonder_chhatrapati_shivaji_terminus_mesh" in 370 ms
[10:01:44][pdx_3dtypes.cpp:217]: Total time "tree_savanna_001_mesh" in 366 ms
[10:01:44][pdx_3dtypes.cpp:217]: Total time "military_navy_dreadnought_generic_mesh" in 366 ms
[10:01:44][pdx_3dtypes.cpp:217]: Total time "ship_cuttysark_01_mesh" in 363 ms
[10:01:44][pdx_3dtypes.cpp:217]: Total time "wonder_hagia_sophia_02_mesh" in 363 ms
[10:01:44][pdx_3dtypes.cpp:217]: Total time "wonder_taj_mahal_01_mesh" in 361 ms
[10:01:44][pdx_3dtypes.cpp:217]: Total time "multi_test_object_mesh" in 359 ms
[10:01:44][pdx_3dtypes.cpp:217]: Total time "arabic_forestry_loggingcamp_02_mesh" in 358 ms
[10:01:44][pdx_3dtypes.cpp:217]: Total time "latin_urban_city_residential_mid_03_mesh" in 357 ms
[10:01:44][pdx_3dtypes.cpp:217]: Total time "indian_port_docks_01_mesh" in 355 ms
[10:01:44][pdx_3dtypes.cpp:217]: Total time "balkan_port_navaladmin_01_mesh" in 355 ms
[10:01:44][pdx_3dtypes.cpp:217]: Total time "balkan_port_centerpiece_02_mesh" in 342 ms
[10:01:44][pdx_3dtypes.cpp:217]: Total time "military_transport_railroad_infantrycart_generic_mesh" in 341 ms
[10:01:44][pdx_3dtypes.cpp:217]: Total time "military_infantry_european_t2_mesh" in 338 ms
[10:01:44][pdx_3dtypes.cpp:217]: Total time "indian_port_centerpiece_02_mesh" in 335 ms
[10:01:44][pdx_3dtypes.cpp:217]: Total time "female_body_mesh" in 334 ms
[10:01:44][pdx_3dtypes.cpp:217]: Total time "latin_city_financialdistrict_01_mesh" in 328 ms
[10:01:44][pdx_3dtypes.cpp:217]: Total time "hull_protectedcruiser_light_mesh" in 322 ms
[10:01:44][pdx_3dtypes.cpp:217]: Total time "revolution_barricade_large_trade_unions_mesh" in 320 ms
[10:01:44][pdx_3dtypes.cpp:217]: Total time "french_city_factory_textilemill_01_mesh" in 300 ms
[10:01:44][pdx_3dtypes.cpp:217]: Total time "european_port_fishingwharf_01_mesh" in 297 ms
[10:01:44][pdx_3dtypes.cpp:217]: Total time "military_infantry_arabic_t3_mesh" in 294 ms
[10:01:44][pdx_3dtypes.cpp:217]: Total time "male_body_mesh" in 284 ms
[10:01:44][pdx_3dtypes.cpp:217]: Total time "aircraftcarrier_base_mesh" in 269 ms
[10:01:44][pdx_3dtypes.cpp:217]: Total time "latin_port_navalbase_01_mesh" in 259 ms
[10:01:44][pdx_3dtypes.cpp:217]: Total time "generic_trench_infantry_mesh" in 253 ms
[10:01:44][pdx_3dtypes.cpp:217]: Total time "tree_palm_01_mesh" in 253 ms
[10:01:44][pdx_3dtypes.cpp:217]: Total time "shader_test_mesh" in 249 ms
[10:01:44][pdx_3dtypes.cpp:217]: Total time "european_rural_manorhouse_01_mesh" in 239 ms
[10:01:44][pdx_3dtypes.cpp:217]: Total time "ship_dhow_01_mesh" in 227 ms
[10:01:44][pdx_3dtypes.cpp:217]: Total time "wonder_the_kaiserforum_stage2_mesh" in 226 ms
[10:01:44][pdx_3dtypes.cpp:217]: Total time "revolution_barricade_mid_devout_mesh" in 225 ms
[10:01:44][pdx_3dtypes.cpp:217]: Total time "revolution_barricade_small_mesh" in 222 ms
[10:01:44][pdx_3dtypes.cpp:217]: Total time "military_navy_frigate_generic_mesh" in 222 ms
[10:01:44][pdx_3dtypes.cpp:217]: Total time "indian_urban_residential_rich_02_mesh" in 218 ms
[10:01:44][pdx_3dtypes.cpp:217]: Total time "troopship_sails_mesh" in 217 ms
[10:01:44][pdx_3dtypes.cpp:217]: Total time "papermap_coffeecup_mesh" in 213 ms
[10:01:44][pdx_3dtypes.cpp:217]: Total time "french_port_shipyard_01_mesh" in 211 ms
[10:01:44][pdx_3dtypes.cpp:217]: Total time "latin_rural_manorhouse_01_mesh" in 208 ms
[10:01:44][pdx_3dtypes.cpp:217]: Total time "african_farm_centerpiece_01_mesh" in 208 ms
[10:01:44][pdx_3dtypes.cpp:217]: Total time "papermap_pipe_mesh" in 204 ms
[10:01:44][pdx_3dtypes.cpp:217]: Total time "wild_west_town_mesh" in 204 ms
[10:01:44][pdx_3dtypes.cpp:217]: Total time "arabic_city_financialdistrict_01_mesh" in 204 ms
[10:01:44][pdx_3dtypes.cpp:217]: Total time "generic_worldmarket_01_mesh" in 202 ms
[10:01:44][pdx_3dtypes.cpp:217]: Total time "military_basecamp_generic_mesh" in 202 ms
[10:01:44][pdx_3dtypes.cpp:217]: Total time "indian_mining_oil_01_mesh" in 201 ms
[10:01:44][pdx_3dtypes.cpp:217]: Total time "scaffolding_02_mesh" in 200 ms
[10:01:44][pdx_3dtypes.cpp:217]: Total time "wonder_big_ben_01_mesh" in 199 ms
[10:01:44][pdx_3dtypes.cpp:217]: Total time "military_infantry_eastasian_general_mesh" in 198 ms
[10:01:44][pdx_3dtypes.cpp:217]: Total time "french_farm_farmstead_02_mesh" in 196 ms
[10:01:44][pdx_3dtypes.cpp:217]: Total time "military_tank_heavy_generic_mesh" in 196 ms
[10:01:44][pdx_3dtypes.cpp:217]: Total time "african_city_centerpiece_01_mesh" in 195 ms
[10:01:44][pdx_3dtypes.cpp:217]: Total time "european_port_01_0s_0d_1f_mesh" in 195 ms
[10:01:44][pdx_3dtypes.cpp:217]: Total time "wonder_white_house_01_mesh" in 194 ms
[10:01:44][pdx_3dtypes.cpp:217]: Total time "balkan_city_financialdistrict_01_mesh" in 192 ms
[10:01:44][pdx_3dtypes.cpp:217]: Total time "torpedoboat_base_mesh" in 190 ms
[10:01:44][pdx_3dtypes.cpp:217]: Total time "balkan_farm_centerpiece_01_mesh" in 190 ms
[10:01:44][pdx_3dtypes.cpp:217]: Total time "balkan_rural_manorhouse_01_mesh" in 189 ms
[10:01:44][pdx_3dtypes.cpp:217]: Total time "latin_mining_coaldepo_01_mesh" in 189 ms
[10:01:44][pdx_3dtypes.cpp:217]: Total time "iceberg_03_mesh" in 187 ms
[10:01:44][pdx_3dtypes.cpp:217]: Total time "strait_fortification_tower_european_mesh" in 186 ms
[10:01:44][pdx_3dtypes.cpp:217]: Total time "french_companyhq_01_mesh" in 184 ms
[10:01:44][pdx_3dtypes.cpp:217]: Total time "military_infantry_southasian_t3_mesh" in 184 ms
[10:01:44][pdx_3dtypes.cpp:217]: Total time "horse_cart_religiouscongregation_01_mesh" in 183 ms
[10:01:44][pdx_3dtypes.cpp:217]: Total time "monument_martandsuntemple_mesh" in 182 ms
[10:01:44][pdx_3dtypes.cpp:217]: Total time "indian_logisticscenter_01_mesh" in 179 ms
[10:01:44][pdx_3dtypes.cpp:217]: Total time "french_mining_coaldepot_01_mesh" in 179 ms
[10:01:44][pdx_3dtypes.cpp:217]: Total time "hull_frigate_light_mesh" in 178 ms
[10:01:44][pdx_3dtypes.cpp:217]: Total time "balkan_farm_wheat_01_mesh" in 178 ms
[10:01:44][pdx_3dtypes.cpp:217]: Total time "african_city_tradecenter_01_mesh" in 177 ms
[10:01:44][pdx_3dtypes.cpp:217]: Total time "horse_cart_ap1_03_mesh" in 177 ms
[10:01:44][pdx_3dtypes.cpp:217]: Total time "european_forestry_centerpiece_01_mesh" in 177 ms
[10:01:44][pdx_3dtypes.cpp:217]: Total time "tree_bush_04_mesh" in 177 ms
[10:01:44][pdx_3dtypes.cpp:217]: Total time "generic_forestry_loggingcamp_mixwoodpiles_02_mesh" in 175 ms
[10:01:44][pdx_3dtypes.cpp:217]: Total time "horse_cart_01_mesh" in 175 ms
[10:01:44][pdx_3dtypes.cpp:217]: Total time "military_infantry_african_general_mesh" in 175 ms
[10:01:44][pdx_3dtypes.cpp:217]: Total time "french_mining_centerpiece_01_mesh" in 174 ms
[10:01:44][pdx_3dtypes.cpp:217]: Total time "french_farm_ranch_01_mesh" in 173 ms
[10:01:44][pdx_3dtypes.cpp:217]: Total time "tree_rainforest_004_mesh" in 173 ms
[10:01:44][pdx_3dtypes.cpp:217]: Total time "prop_bundleofflowers_mesh" in 173 ms
[10:01:44][pdx_3dtypes.cpp:217]: Total time "road_car_rollsroycesilverghost_mesh" in 172 ms
[10:01:44][pdx_3dtypes.cpp:217]: Total time "military_infantry_african_t1_mesh" in 172 ms
[10:01:44][pdx_3dtypes.cpp:217]: Total time "european_province_farm_02_nobillboards_mesh" in 171 ms
[10:01:44][pdx_3dtypes.cpp:217]: Total time "military_support_hotairballoon_ep1_mesh" in 171 ms
[10:01:44][pdx_3dtypes.cpp:217]: Total time "military_infantry_arabic_t2_mesh" in 171 ms
[10:01:44][pdx_3dtypes.cpp:217]: Total time "gun_sidecannon_medium_01_mesh" in 170 ms
[10:01:44][pdx_3dtypes.cpp:217]: Total time "oak_tree_dense_01_mesh" in 170 ms
[10:01:44][pdx_3dtypes.cpp:217]: Total time "military_medical_firstaid_mesh" in 170 ms
[10:01:44][pdx_3dtypes.cpp:217]: Total time "military_infantry_african_t3_mesh" in 170 ms
[10:01:44][pdx_3dtypes.cpp:217]: Total time "revolution_barricade_large_devout_mesh" in 169 ms
[10:01:44][pdx_3dtypes.cpp:217]: Total time "generic_forestry_lumberdepo_02_mesh" in 168 ms
[10:01:44][pdx_3dtypes.cpp:217]: Total time "female_headgear_european_royal_01_mesh" in 168 ms
[10:01:44][pdx_3dtypes.cpp:217]: Total time "french_port_centerpiece_01_mesh" in 168 ms
[10:01:44][pdx_3dtypes.cpp:217]: Total time "military_artillery_siege_generic_mesh" in 167 ms
[10:01:44][pdx_3dtypes.cpp:217]: Total time "military_infantry_carlists_general_mesh" in 167 ms
[10:01:44][pdx_3dtypes.cpp:217]: Total time "revolution_barricade_small_landowners_mesh" in 167 ms
[10:01:44][pdx_3dtypes.cpp:217]: Total time "military_infantry_southasian_general_mesh" in 166 ms
[10:01:44][pdx_3dtypes.cpp:217]: Total time "african_port_docks_01_mesh" in 166 ms
[10:01:44][pdx_3dtypes.cpp:217]: Total time "male_coat_european_military_01_soldier_mesh" in 165 ms
[10:01:44][pdx_3dtypes.cpp:217]: Total time "male_outfit_ethiopian_common_01_mesh" in 165 ms
[10:01:44][pdx_3dtypes.cpp:217]: Total time "male_belt_greatcoat_02_mesh" in 165 ms
[10:01:44][pdx_3dtypes.cpp:217]: Total time "military_occupation_flag_mesh" in 165 ms
[10:01:44][pdx_3dtypes.cpp:217]: Total time "rock_granite_01_mesh" in 165 ms
[10:01:44][pdx_3dtypes.cpp:217]: Total time "male_top_layer_greek_01_bs_thick_mesh" in 164 ms
[10:01:44][pdx_3dtypes.cpp:217]: Total time "male_headgear_tatya_tope_mesh" in 164 ms
[10:01:44][pdx_3dtypes.cpp:217]: Total time "funnel_tiny_none_01_mesh" in 164 ms
[10:01:44][pdx_3dtypes.cpp:217]: Total time "revolution_barricade_large_armed_forces_mesh" in 163 ms
[10:01:44][pdx_3dtypes.cpp:217]: Total time "revolution_barricade_small_armed_forces_mesh" in 163 ms
[10:01:44][pdx_3dtypes.cpp:217]: Total time "military_infantry_southasian_t1_mesh" in 163 ms
[10:01:44][pdx_3dtypes.cpp:217]: Total time "revolution_barricade_large_industrialists_mesh" in 163 ms
[10:01:44][pdx_3dtypes.cpp:217]: Total time "railroad_bridge_01_large_mesh" in 161 ms
[10:01:44][pdx_3dtypes.cpp:217]: Total time "generic_rural_forestry_camp_02_mesh" in 161 ms
[10:01:44][pdx_3dtypes.cpp:217]: Total time "monitor_funnel_smokebox_mesh" in 160 ms
[10:01:44][pdx_3dtypes.cpp:217]: Total time "military_infantry_carlists_mesh" in 160 ms
[10:01:44][pdx_3dtypes.cpp:217]: Total time "tree_bush_01_mesh" in 160 ms
[10:01:44][pdx_3dtypes.cpp:217]: Total time "papermap_table_top_ap1_mesh" in 159 ms
[10:01:44][pdx_3dtypes.cpp:217]: Total time "wonder_wallofchina_01_mesh" in 159 ms
[10:01:44][pdx_3dtypes.cpp:217]: Total time "revolution_barricade_large_rural_folk_mesh" in 159 ms
[10:01:44][pdx_3dtypes.cpp:217]: Total time "revolution_barricade_mid_intelligentsia_mesh" in 159 ms
[10:01:44][pdx_3dtypes.cpp:217]: Total time "arabic_port_centerpiece_02_mesh" in 158 ms
[10:01:44][pdx_3dtypes.cpp:217]: Total time "military_infantry_european_general_mesh" in 158 ms
[10:01:44][pdx_3dtypes.cpp:217]: Total time "french_port_docks_01_mesh" in 158 ms
[10:01:44][pdx_3dtypes.cpp:217]: Total time "revolution_barricade_large_petty_bourgeoisie_mesh" in 158 ms
[10:01:44][pdx_3dtypes.cpp:217]: Total time "military_props_artillery_siege_01_mesh" in 157 ms
[10:01:44][pdx_3dtypes.cpp:217]: Total time "revolution_barricade_mid_trade_unions_mesh" in 157 ms
[10:01:44][pdx_3dtypes.cpp:217]: Total time "generic_forestry_lumberpile_02_mesh" in 156 ms
[10:01:44][pdx_3dtypes.cpp:217]: Total time "balkan_port_docks_01_mesh" in 156 ms
[10:01:44][pdx_3dtypes.cpp:217]: Total time "military_infantry_arabic_t1_mesh" in 156 ms
[10:01:44][pdx_3dtypes.cpp:217]: Total time "revolution_barricade_mid_petty_bourgeoisie_mesh" in 156 ms
[10:01:44][pdx_3dtypes.cpp:217]: Total time "powerbloc_statue_hero_armillary_mesh" in 154 ms
[10:01:44][pdx_3dtypes.cpp:217]: Total time "canyon_01_mesh" in 152 ms
[10:01:44][pdx_3dtypes.cpp:217]: Total time "prop_parasol_mesh" in 152 ms
[10:01:44][pdx_3dtypes.cpp:217]: Total time "revolution_barricade_small_industrialists_mesh" in 152 ms
[10:01:44][pdx_3dtypes.cpp:217]: Total time "military_infantry_arabic_general_mesh" in 152 ms
[10:01:44][pdx_3dtypes.cpp:217]: Total time "arabic_forestry_scatter_01_mesh" in 151 ms
[10:01:44][pdx_3dtypes.cpp:217]: Total time "military_infantry_african_t2_mesh" in 151 ms
[10:01:44][pdx_3dtypes.cpp:217]: Total time "african_mining_coaldepo_01_mesh" in 150 ms
[10:01:44][pdx_3dtypes.cpp:217]: Total time "military_infantry_european_t3_mesh" in 150 ms
[10:01:44][pdx_3dtypes.cpp:217]: Total time "female_hair_european_01_headgear_mesh" in 149 ms
[10:01:44][pdx_3dtypes.cpp:217]: Total time "military_infantry_eastasian_t3_mesh" in 148 ms
[10:01:44][pdx_3dtypes.cpp:217]: Total time "military_infantry_nativeamerican_t1_mesh" in 148 ms
[10:01:44][pdx_3dtypes.cpp:217]: Total time "military_infantry_eastasian_t1_mesh" in 148 ms
[10:01:44][pdx_3dtypes.cpp:217]: Total time "european_port_01_mesh" in 148 ms
[10:01:44][pdx_3dtypes.cpp:217]: Total time "military_infantry_southasian_t2_mesh" in 147 ms
[10:01:44][pdx_3dtypes.cpp:217]: Total time "revolution_barricade_mid_rural_folk_mesh" in 147 ms
[10:01:44][pdx_3dtypes.cpp:217]: Total time "seagull_port_frame_mesh" in 146 ms
[10:01:44][pdx_3dtypes.cpp:217]: Total time "test_lake_mesh" in 146 ms
[10:01:44][pdx_3dtypes.cpp:217]: Total time "military_infantry_eastasian_t2_mesh" in 146 ms
[10:01:44][pdx_3dtypes.cpp:217]: Total time "balkan_factory_construction_01_mesh" in 145 ms
[10:01:44][pdx_3dtypes.cpp:217]: Total time "military_infantry_european_t1_mesh" in 145 ms
[10:01:44][pdx_3dtypes.cpp:217]: Total time "revolution_barricade_large_intelligentsia_mesh" in 144 ms
[10:01:44][pdx_3dtypes.cpp:217]: Total time "male_hair_european_04_pope_cap1_mesh" in 143 ms
[10:01:44][pdx_3dtypes.cpp:217]: Total time "european_port_02_mesh" in 142 ms
[10:01:44][pdx_3dtypes.cpp:217]: Total time "male_hair_european_08_mesh" in 141 ms
[10:01:44][pdx_3dtypes.cpp:217]: Total time "generic_battleship_mesh" in 138 ms
[10:01:44][pdx_3dtypes.cpp:217]: Total time "ui_flag_01_mesh" in 137 ms
[10:01:44][pdx_3dtypes.cpp:217]: Total time "balkan_city_centerpiece_01_mesh" in 135 ms
[10:01:44][pdx_3dtypes.cpp:217]: Total time "female_teeth_mesh" in 135 ms
[10:01:44][pdx_3dtypes.cpp:217]: Total time "male_belt_greek_01_bs_fat_mesh" in 129 ms
[10:01:44][pdx_3dtypes.cpp:217]: Total time "canal_panamacanal_01_mesh" in 129 ms
[10:01:44][pdx_3dtypes.cpp:217]: Total time "naval_order_base_mesh" in 128 ms
[10:01:44][pdx_3dtypes.cpp:217]: Total time "simple_plane_mesh" in 128 ms
[10:01:44][pdx_3dtypes.cpp:217]: Total time "edgeofworld_papermap_mesh" in 128 ms
[10:01:44][pdx_3dtypes.cpp:217]: Total time "wind_trail_02_mesh" in 127 ms
[10:01:44][pdx_3dtypes.cpp:217]: Total time "powerbloc_pedestal_02_mesh" in 118 ms
[10:01:44][pdx_3dtypes.cpp:217]: Total time "revolution_barricade_mid_industrialists_mesh" in 114 ms
[10:01:44][pdx_3dtypes.cpp:217]: Total time "female_eyes_mesh" in 114 ms
[10:01:44][pdx_3dtypes.cpp:217]: Total time "edgeofworld_mesh" in 111 ms
[10:01:44][pdx_3dtypes.cpp:217]: Total time "military_transport_naval_rowboat_generic_mesh" in 107 ms
[10:01:44][pdx_3dtypes.cpp:217]: Total time "naval_order_raiding_mesh" in 105 ms
[10:01:44][pdx_3dtypes.cpp:217]: Total time "generic_ironclad_ship_mesh" in 101 ms
[10:01:44][pdx_3dtypes.cpp:217]: Total time "generic_ship_of_the_line_mesh" in 101 ms
[10:01:44][pdx_3dtypes.cpp:217]: Total time "male_necklace_african_zulu_dingane_01_mesh" in 97 ms
[10:01:44][pdx_3dtypes.cpp:217]: Total time "military_battle_sword_mesh" in 95 ms
[10:01:44][pdx_3dtypes.cpp:217]: Total time "seaplanetender_signalflags_01_mesh" in 93 ms
[10:01:44][pdx_3dtypes.cpp:217]: Total time "revolution_barricade_large_landowners_mesh" in 89 ms
[10:01:44][pdx_3dtypes.cpp:217]: Total time "prop_holyscripture_mesh" in 86 ms
[10:01:44][pdx_3dtypes.cpp:217]: Total time "male_necklace_chinese_01_high_mesh" in 85 ms
[10:01:44][pdx_3dtypes.cpp:217]: Total time "papermap_candle_mesh" in 85 ms
[10:01:44][pdx_3dtypes.cpp:217]: Total time "halloween_castledracula_mesh" in 85 ms
[10:01:44][pdx_3dtypes.cpp:217]: Total time "vfx_ui_plane_battle_progressbar_mesh" in 83 ms
[10:01:44][pdx_3dtypes.cpp:217]: Total time "military_navy_scoutcruiser_generic_mesh" in 81 ms
[10:01:44][pdx_3dtypes.cpp:217]: Total time "latin_rural_farm_centerpiece_01_mesh" in 79 ms
[10:01:44][pdx_3dtypes.cpp:217]: Total time "ship_viewer_water_mesh" in 79 ms
[10:01:44][pdx_3dtypes.cpp:217]: Total time "wonder_wallofchinatower_01_mesh" in 75 ms
[10:01:44][pdx_3dtypes.cpp:217]: Total time "hull_modernironclad_medium_mesh" in 75 ms
[10:01:44][pdx_3dtypes.cpp:217]: Total time "vfx_ui_plane_gameover_mesh" in 75 ms
[10:01:44][pdx_3dtypes.cpp:217]: Total time "male_mustache_rudolf_prince_of_austria_mesh" in 74 ms
[10:01:44][pdx_3dtypes.cpp:217]: Total time "military_cavalry_horse_brown_01_mesh" in 74 ms
[10:01:44][pdx_3dtypes.cpp:217]: Total time "french_rural_manorhouse_01_mesh" in 71 ms
[10:01:44][pdx_3dtypes.cpp:217]: Total time "african_rural_manorhouse_01_mesh" in 70 ms
[10:01:44][pdx_3dtypes.cpp:217]: Total time "asian_line_infantry_mesh" in 70 ms
[10:01:44][pdx_3dtypes.cpp:217]: Total time "generic_aerial_bleriotxi_01_mesh" in 69 ms
[10:01:44][pdx_3dtypes.cpp:217]: Total time "male_sashes_tricolor_mesh" in 69 ms
[10:01:44][pdx_3dtypes.cpp:217]: Total time "latin_rural_residential_poor_02_mesh" in 68 ms
[10:01:44][pdx_3dtypes.cpp:217]: Total time "african_mobile_artillery_mesh" in 68 ms
[10:01:44][pdx_3dtypes.cpp:217]: Total time "coastaldefense_base_mesh" in 68 ms
[10:01:44][pdx_3dtypes.cpp:217]: Total time "french_city_factory_steel_01_mesh" in 67 ms
[10:01:44][pdx_3dtypes.cpp:217]: Total time "wonder_sagradafamilia_02_mesh" in 67 ms
[10:01:44][pdx_3dtypes.cpp:217]: Total time "wonders_central_park_mesh" in 67 ms
[10:01:44][pdx_3dtypes.cpp:217]: Total time "ironfrigate_base_mesh" in 66 ms
[10:01:44][pdx_3dtypes.cpp:217]: Total time "protectedcruiser_base_mesh" in 65 ms
[10:01:44][pdx_3dtypes.cpp:217]: Total time "hull_aircraftcarrier_medium_mesh" in 64 ms
[10:01:44][pdx_3dtypes.cpp:217]: Total time "papermap_letter_mesh" in 62 ms
[10:01:44][pdx_3dtypes.cpp:217]: Total time "frigate_base_mesh" in 62 ms
[10:01:44][pdx_3dtypes.cpp:217]: Total time "ship_chinesejunk_01_mesh" in 61 ms
[10:01:44][pdx_3dtypes.cpp:217]: Total time "asian_city_centerpiece_skyscraper_01_mesh" in 60 ms
[10:01:44][pdx_3dtypes.cpp:217]: Total time "european_city_centerpiece_01_mesh" in 60 ms
[10:01:44][pdx_3dtypes.cpp:217]: Total time "wonder_the_kaiserforum_alt_mesh" in 58 ms
[10:01:44][pdx_3dtypes.cpp:217]: Total time "asian_rural_manorhouse_01_mesh" in 58 ms
[10:01:44][pdx_3dtypes.cpp:217]: Total time "arabic_rural_farm_centerpiece_01_mesh" in 58 ms
[10:01:44][pdx_3dtypes.cpp:217]: Total time "asian_irregular_infantry_mesh" in 57 ms
[10:01:44][pdx_3dtypes.cpp:217]: Total time "generic_flatmap_unit_mesh" in 56 ms
[10:01:44][pdx_3dtypes.cpp:217]: Total time "shader_test_simple_mesh" in 56 ms
[10:01:44][pdx_3dtypes.cpp:217]: Total time "european_line_infantry_mesh" in 55 ms
[10:01:44][pdx_3dtypes.cpp:217]: Total time "generic_ship_cargo_01_mesh" in 55 ms
[10:01:44][pdx_3dtypes.cpp:217]: Total time "military_cavalry_horse_white_01_mesh" in 55 ms
[10:01:44][pdx_3dtypes.cpp:217]: Total time "ui_flag_01_aimated_mesh" in 55 ms
[10:01:44][pdx_3dtypes.cpp:217]: Total time "male_headgear_european_common_02_mesh" in 54 ms
[10:01:44][pdx_3dtypes.cpp:217]: Total time "african_city_financialdistrict_01_mesh" in 54 ms
[10:01:44][pdx_3dtypes.cpp:217]: Total time "military_navy_torpedo_generic_mesh" in 54 ms
[10:01:44][pdx_3dtypes.cpp:217]: Total time "arabic_city_academy_01_mesh" in 54 ms
[10:01:44][pdx_3dtypes.cpp:217]: Total time "armouredcruiser_base_mesh" in 54 ms
[10:01:44][pdx_3dtypes.cpp:217]: Total time "wonder_angkorwat_01_mesh" in 54 ms
[10:01:44][pdx_3dtypes.cpp:217]: Total time "african_irregular_infantry_mesh" in 53 ms
[10:01:44][pdx_3dtypes.cpp:217]: Total time "arabic_rural_manorhouse_01_mesh" in 52 ms
[10:01:44][pdx_3dtypes.cpp:217]: Total time "generic_siege_artillery_mesh" in 52 ms
[10:01:44][pdx_3dtypes.cpp:217]: Total time "canal_suezcanal_under_construction_01_mesh" in 52 ms
[10:01:44][pdx_3dtypes.cpp:217]: Total time "destroyer_base_mesh" in 52 ms
[10:01:44][pdx_3dtypes.cpp:217]: Total time "latin_rural_residential_rich_03_mesh" in 51 ms
[10:01:44][pdx_3dtypes.cpp:217]: Total time "arabic_city_barracks_01_mesh" in 51 ms
[10:01:44][pdx_3dtypes.cpp:217]: Total time "generic_mining_oil_01_mesh" in 51 ms
[10:01:44][pdx_3dtypes.cpp:217]: Total time "arabic_urban_city_townsquare_01_mesh" in 51 ms
[10:01:44][pdx_3dtypes.cpp:217]: Total time "african_rural_residential_rich_01_mesh" in 51 ms
[10:01:44][pdx_3dtypes.cpp:217]: Total time "wonder_capitol_building_mesh" in 51 ms
[10:01:44][pdx_3dtypes.cpp:217]: Total time "wonder_sagradafamilia_03_mesh" in 50 ms
[10:01:44][pdx_3dtypes.cpp:217]: Total time "wonder_sagradafamilia_01_mesh" in 50 ms
[10:01:44][pdx_3dtypes.cpp:217]: Total time "hull_ironfrigate_light_mesh" in 50 ms
[10:01:44][pdx_3dtypes.cpp:217]: Total time "generic_armored_division_mesh" in 50 ms
[10:01:44][pdx_3dtypes.cpp:217]: Total time "military_cavalry_horse_beige_01_mesh" in 50 ms
[10:01:44][pdx_3dtypes.cpp:217]: Total time "european_urban_residential_mid_02_mesh" in 49 ms
[10:01:44][pdx_3dtypes.cpp:217]: Total time "french_regionalcompanyhq_01_mesh" in 49 ms
[10:01:44][pdx_3dtypes.cpp:217]: Total time "arabic_line_infantry_mesh" in 49 ms
[10:01:44][pdx_3dtypes.cpp:217]: Total time "military_cavalry_horse_black_01_mesh" in 49 ms
[10:01:44][pdx_3dtypes.cpp:217]: Total time "asian_port_navalbase_01_mesh" in 49 ms
[10:01:44][pdx_3dtypes.cpp:217]: Total time "wonder_saint_basils_cathedral_01_mesh" in 49 ms
[10:01:44][pdx_3dtypes.cpp:217]: Total time "arabic_urban_city_residential_poor_02_mesh" in 48 ms
[10:01:44][pdx_3dtypes.cpp:217]: Total time "french_revolutioncamp_placeholder_mesh" in 48 ms
[10:01:44][pdx_3dtypes.cpp:217]: Total time "hull_lightcruiser_light_mesh" in 48 ms
[10:01:44][pdx_3dtypes.cpp:217]: Total time "lightcruiser_base_mesh" in 48 ms
[10:01:44][pdx_3dtypes.cpp:217]: Total time "war_machines_manufactory_01_mesh" in 48 ms
[10:01:44][pdx_3dtypes.cpp:217]: Total time "wonder_vatican_city_01_mesh" in 48 ms
[10:01:44][pdx_3dtypes.cpp:217]: Total time "african_line_infantry_mesh" in 48 ms
[10:01:44][pdx_3dtypes.cpp:217]: Total time "papermap_cloth_01_mesh" in 47 ms
[10:01:44][pdx_3dtypes.cpp:217]: Total time "earlyironclad_base_mesh" in 47 ms
[10:01:44][pdx_3dtypes.cpp:217]: Total time "french_urban_residential_mid_01_mesh" in 47 ms
[10:01:44][pdx_3dtypes.cpp:217]: Total time "wonder_statue_of_liberty_01_mesh" in 47 ms
[10:01:44][pdx_3dtypes.cpp:217]: Total time "hull_troopship_medium_mesh" in 47 ms
[10:01:44][pdx_3dtypes.cpp:217]: Total time "shipoftheline_base_mesh" in 47 ms
[10:01:44][pdx_3dtypes.cpp:217]: Total time "multi_test_object_roughness_mesh" in 47 ms
[10:01:44][pdx_3dtypes.cpp:217]: Total time "african_city_govadmin_01_mesh" in 46 ms
[10:01:44][pdx_3dtypes.cpp:217]: Total time "african_farm_scatter_02_mesh" in 45 ms
[10:01:44][pdx_3dtypes.cpp:217]: Total time "european_city_barracks_01_mesh" in 45 ms
[10:01:44][pdx_3dtypes.cpp:217]: Total time "asian_city_govadmin_01_mesh" in 45 ms
[10:01:44][pdx_3dtypes.cpp:217]: Total time "arabic_city_university_01_mesh" in 45 ms
[10:01:44][pdx_3dtypes.cpp:217]: Total time "french_rural_residential_rich_01_mesh" in 45 ms
[10:01:44][pdx_3dtypes.cpp:217]: Total time "hull_seaplanetender_medium_mesh" in 45 ms
[10:01:44][pdx_3dtypes.cpp:217]: Total time "hull_aircraftcarrier_heavy_mesh" in 45 ms
[10:01:44][pdx_3dtypes.cpp:217]: Total time "latin_city_barracks_01_mesh" in 44 ms
[10:01:44][pdx_3dtypes.cpp:217]: Total time "arabic_irregular_infantry_mesh" in 44 ms
[10:01:44][pdx_3dtypes.cpp:217]: Total time "african_farm_plantation_01_mesh" in 44 ms
[10:01:44][pdx_3dtypes.cpp:217]: Total time "latin_urban_city_townsquare_skyscraper_01_mesh" in 44 ms
[10:01:44][pdx_3dtypes.cpp:217]: Total time "french_urban_residential_rich_01_mesh" in 43 ms
[10:01:44][pdx_3dtypes.cpp:217]: Total time "latin_farm_plantation_01_mesh" in 43 ms
[10:01:44][pdx_3dtypes.cpp:217]: Total time "asian_port_centerpiece_01_mesh" in 43 ms
[10:01:44][pdx_3dtypes.cpp:217]: Total time "african_city_university_01_mesh" in 43 ms
[10:01:44][pdx_3dtypes.cpp:217]: Total time "generic_oil_drill_01_mesh" in 43 ms
[10:01:44][pdx_3dtypes.cpp:217]: Total time "hull_lightcruiser_medium_mesh" in 43 ms
[10:01:44][pdx_3dtypes.cpp:217]: Total time "french_mining_sulfurdepot_01_mesh" in 43 ms
[10:01:44][pdx_3dtypes.cpp:217]: Total time "european_irregular_infantry_mesh" in 43 ms
[10:01:44][pdx_3dtypes.cpp:217]: Total time "hull_aircraftcarrier_light_mesh" in 43 ms
[10:01:44][pdx_3dtypes.cpp:217]: Total time "european_city_tradecenter_01_mesh" in 43 ms
[10:01:44][pdx_3dtypes.cpp:217]: Total time "military_navy_monitor_generic_mesh" in 43 ms
[10:01:44][pdx_3dtypes.cpp:217]: Total time "asian_city_tradecenter_01_mesh" in 43 ms
[10:01:44][pdx_3dtypes.cpp:217]: Total time "southern_plantation_mesh" in 43 ms
[10:01:44][pdx_3dtypes.cpp:217]: Total time "latin_city_university_01_mesh" in 43 ms
[10:01:44][pdx_3dtypes.cpp:217]: Total time "french_city_barracks_01_mesh" in 43 ms
[10:01:44][pdx_3dtypes.cpp:217]: Total time "arabic_urban_city_residential_mid_02_mesh" in 42 ms
[10:01:44][pdx_3dtypes.cpp:217]: Total time "asian_urban_residential_mid_01_mesh" in 42 ms
[10:01:44][pdx_3dtypes.cpp:217]: Total time "hull_armouredcruiser_heavy_mesh" in 42 ms
[10:01:44][pdx_3dtypes.cpp:217]: Total time "wonder_khaju_bridge_01_mesh" in 42 ms
[10:01:44][pdx_3dtypes.cpp:217]: Total time "african_rural_residential_mid_01_mesh" in 42 ms
[10:01:44][pdx_3dtypes.cpp:217]: Total time "french_forestry_camp_01_mesh" in 42 ms
[10:01:44][pdx_3dtypes.cpp:217]: Total time "military_navy_carrier_generic_mesh" in 42 ms
[10:01:44][pdx_3dtypes.cpp:217]: Total time "african_urban_city_residential_mid_02_mesh" in 42 ms
[10:01:44][pdx_3dtypes.cpp:217]: Total time "hull_ironfrigate_medium_mesh" in 42 ms
[10:01:44][pdx_3dtypes.cpp:217]: Total time "latin_urban_city_townsquare_01_mesh" in 42 ms
[10:01:44][pdx_3dtypes.cpp:217]: Total time "hull_troopship_light_mesh" in 42 ms
[10:01:44][pdx_3dtypes.cpp:217]: Total time "hull_ironfrigate_heavy_mesh" in 42 ms
[10:01:44][pdx_3dtypes.cpp:217]: Total time "french_mining_processing_lead_01_mesh" in 42 ms
[10:01:44][pdx_3dtypes.cpp:217]: Total time "wonder_eiffel_tower_01_mesh" in 42 ms
[10:01:44][pdx_3dtypes.cpp:217]: Total time "european_port_naval_base_01_mesh" in 42 ms
[10:01:44][pdx_3dtypes.cpp:217]: Total time "wonder_hagia_sophia_01_mesh" in 42 ms
[10:01:44][pdx_3dtypes.cpp:217]: Total time "asian_city_university_01_mesh" in 42 ms
[10:01:44][pdx_3dtypes.cpp:217]: Total time "hull_seaplanetender_heavy_mesh" in 42 ms
[10:01:44][pdx_3dtypes.cpp:217]: Total time "french_city_centerpiece_skyscraper_01_mesh" in 41 ms
[10:01:44][pdx_3dtypes.cpp:217]: Total time "indian_factory_powerplant_01_mesh" in 41 ms
[10:01:44][pdx_3dtypes.cpp:217]: Total time "latin_urban_city_residential_rich_03_mesh" in 41 ms
[10:01:44][pdx_3dtypes.cpp:217]: Total time "carlist_beret_mesh" in 41 ms
[10:01:44][pdx_3dtypes.cpp:217]: Total time "hull_earlyironclad_light_mesh" in 41 ms
[10:01:44][pdx_3dtypes.cpp:217]: Total time "wonder_petra_01_mesh" in 41 ms
[10:01:44][pdx_3dtypes.cpp:217]: Total time "asian_farm_farmstead_02_mesh" in 41 ms
[10:01:44][pdx_3dtypes.cpp:217]: Total time "rubber_lodge_01_mesh" in 41 ms
[10:01:44][pdx_3dtypes.cpp:217]: Total time "indian_factory_warmachine_01_mesh" in 40 ms
[10:01:44][pdx_3dtypes.cpp:217]: Total time "military_tank_light_generic_mesh" in 40 ms
[10:01:44][pdx_3dtypes.cpp:217]: Total time "diorama_battle_trench_ground_01_mesh" in 40 ms
[10:01:44][pdx_3dtypes.cpp:217]: Total time "french_forestry_camp_02_mesh" in 40 ms
[10:01:44][pdx_3dtypes.cpp:217]: Total time "balkan_city_barracks_01_mesh" in 40 ms
[10:01:44][pdx_3dtypes.cpp:217]: Total time "hull_troopship_heavy_mesh" in 40 ms
[10:01:44][pdx_3dtypes.cpp:217]: Total time "diorama_battle_mechanized_ground_01_mesh" in 40 ms
[10:01:44][pdx_3dtypes.cpp:217]: Total time "generic_irregular_infantry_mesh" in 40 ms
[10:01:44][pdx_3dtypes.cpp:217]: Total time "male_coat_ceo_02_bs_old_mesh" in 39 ms
[10:01:44][pdx_3dtypes.cpp:217]: Total time "hull_protectedcruiser_heavy_mesh" in 39 ms
[10:01:44][pdx_3dtypes.cpp:217]: Total time "hull_armouredcruiser_medium_mesh" in 39 ms
[10:01:44][pdx_3dtypes.cpp:217]: Total time "french_rural_residential_mid_03_mesh" in 39 ms
[10:01:44][pdx_3dtypes.cpp:217]: Total time "latin_farm_scatter_02_mesh" in 39 ms
[10:01:44][pdx_3dtypes.cpp:217]: Total time "asian_city_barracks_01_mesh" in 39 ms
[10:01:44][pdx_3dtypes.cpp:217]: Total time "hull_seaplanetender_light_mesh" in 39 ms
[10:01:44][pdx_3dtypes.cpp:217]: Total time "latin_urban_city_centerpiece_01_mesh" in 39 ms
[10:01:44][pdx_3dtypes.cpp:217]: Total time "african_city_academy_01_mesh" in 39 ms
[10:01:44][pdx_3dtypes.cpp:217]: Total time "arabic_farm_ranch_01_mesh" in 38 ms
[10:01:44][pdx_3dtypes.cpp:217]: Total time "latin_city_academy_01_mesh" in 38 ms
[10:01:44][pdx_3dtypes.cpp:217]: Total time "female_hair_african_01_mesh" in 38 ms
[10:01:44][pdx_3dtypes.cpp:217]: Total time "wonder_christ_the_redeemer_01_mesh" in 38 ms
[10:01:44][pdx_3dtypes.cpp:217]: Total time "military_transport_naval_landingcraft_generic_mesh" in 38 ms
[10:01:44][pdx_3dtypes.cpp:217]: Total time "male_legwear_african_zulu_dingane_01_mesh" in 38 ms
[10:01:44][pdx_3dtypes.cpp:217]: Total time "dreadnought_base_mesh" in 38 ms
[10:01:44][pdx_3dtypes.cpp:217]: Total time "asian_urban_residential_rich_02_mesh" in 38 ms
[10:01:44][pdx_3dtypes.cpp:217]: Total time "hull_protectedcruiser_medium_mesh" in 38 ms
[10:01:44][pdx_3dtypes.cpp:217]: Total time "european_city_university_01_mesh" in 38 ms
[10:01:44][pdx_3dtypes.cpp:217]: Total time "arabic_urban_city_residential_rich_03_mesh" in 38 ms
[10:01:44][pdx_3dtypes.cpp:217]: Total time "diorama_battle_irregular_ground_01_mesh" in 38 ms
[10:01:44][pdx_3dtypes.cpp:217]: Total time "male_belt_greatcoat_01_mesh" in 38 ms
[10:01:44][pdx_3dtypes.cpp:217]: Total time "french_city_centerpiece_01_mesh" in 38 ms
[10:01:44][pdx_3dtypes.cpp:217]: Total time "military_artillery_mobile_generic_mesh" in 37 ms
[10:01:44][pdx_3dtypes.cpp:217]: Total time "wonder_giza_necropolis_01_mesh" in 37 ms
[10:01:44][pdx_3dtypes.cpp:217]: Total time "seaplanetender_base_mesh" in 37 ms
[10:01:44][pdx_3dtypes.cpp:217]: Total time "latin_city_tradecenter_01_mesh" in 37 ms
[10:01:44][pdx_3dtypes.cpp:217]: Total time "male_outfit_arabic_common_02_mesh" in 37 ms
[10:01:44][pdx_3dtypes.cpp:217]: Total time "military_artillery_shrapnel_generic_mesh" in 37 ms
[10:01:44][pdx_3dtypes.cpp:217]: Total time "wonder_machu_picchu_mesh" in 37 ms
[10:01:44][pdx_3dtypes.cpp:217]: Total time "asian_rural_residential_mid_03_mesh" in 37 ms
[10:01:44][pdx_3dtypes.cpp:217]: Total time "diorama_battle_line_ground_01_mesh" in 37 ms
[10:01:44][pdx_3dtypes.cpp:217]: Total time "male_outfit_native_american_01_mid_mesh" in 37 ms
[10:01:44][pdx_3dtypes.cpp:217]: Total time "arabic_city_govadmin_01_mesh" in 37 ms
[10:01:44][pdx_3dtypes.cpp:217]: Total time "female_top_layers_power_bloc_01_mesh" in 37 ms
[10:01:44][pdx_3dtypes.cpp:217]: Total time "powerbloc_pedestal_06_mesh" in 37 ms
[10:01:44][pdx_3dtypes.cpp:217]: Total time "arabic_city_tradecenter_01_mesh" in 37 ms
[10:01:44][pdx_3dtypes.cpp:217]: Total time "indian_urban_residential_rich_03_mesh" in 37 ms
[10:01:44][pdx_3dtypes.cpp:217]: Total time "french_urban_residential_poor_01_mesh" in 36 ms
[10:01:44][pdx_3dtypes.cpp:217]: Total time "african_urban_city_residential_poor_02_mesh" in 36 ms
[10:01:44][pdx_3dtypes.cpp:217]: Total time "african_port_centerpiece_01_mesh" in 36 ms
[10:01:44][pdx_3dtypes.cpp:217]: Total time "female_hair_korean_emperess_01_mesh" in 36 ms
[10:01:44][pdx_3dtypes.cpp:217]: Total time "indian_city_financialdistrict_mesh" in 36 ms
[10:01:44][pdx_3dtypes.cpp:217]: Total time "european_city_government_administration_01_mesh" in 36 ms
[10:01:44][pdx_3dtypes.cpp:217]: Total time "wonder_forbidden_city_01_mesh" in 36 ms
[10:01:44][pdx_3dtypes.cpp:217]: Total time "male_top_layer_greek_01_mesh" in 36 ms
[10:01:44][pdx_3dtypes.cpp:217]: Total time "hull_destroyer_light_mesh" in 36 ms
[10:01:44][pdx_3dtypes.cpp:217]: Total time "female_hair_european_01_mesh" in 36 ms
[10:01:44][pdx_3dtypes.cpp:217]: Total time "male_top_layer_historical_napoleon_03_mesh" in 36 ms
[10:01:44][pdx_3dtypes.cpp:217]: Total time "latin_urban_city_residential_rich_01_mesh" in 36 ms
[10:01:44][pdx_3dtypes.cpp:217]: Total time "female_hair_japanese_01_mesh" in 36 ms
[10:01:44][pdx_3dtypes.cpp:217]: Total time "african_city_centerpiece_skyscraper_01_mesh" in 36 ms
[10:01:44][pdx_3dtypes.cpp:217]: Total time "hull_lightcruiser_heavy_mesh" in 36 ms
[10:01:44][pdx_3dtypes.cpp:217]: Total time "female_headgear_european_common_02_mesh" in 36 ms
[10:01:44][pdx_3dtypes.cpp:217]: Total time "wonder_argebam_01_mesh" in 36 ms
[10:01:44][pdx_3dtypes.cpp:217]: Total time "african_port_navalbase_01_mesh" in 35 ms
[10:01:44][pdx_3dtypes.cpp:217]: Total time "french_city_academy_01_mesh" in 35 ms
[10:01:44][pdx_3dtypes.cpp:217]: Total time "female_hair_queen_victoria_mesh" in 35 ms
[10:01:44][pdx_3dtypes.cpp:217]: Total time "steam_transport_ship_01_mesh" in 35 ms
[10:01:44][pdx_3dtypes.cpp:217]: Total time "male_coat_european_fancy_single_breasted_01_mesh" in 35 ms
[10:01:44][pdx_3dtypes.cpp:217]: Total time "hull_armouredcruiser_light_mesh" in 35 ms
[10:01:44][pdx_3dtypes.cpp:217]: Total time "male_coat_late_military_greatcoat_01_mesh" in 35 ms
[10:01:44][pdx_3dtypes.cpp:217]: Total time "female_outfit_polynesian_01_high_mesh" in 35 ms
[10:01:44][pdx_3dtypes.cpp:217]: Total time "powerbloc_pedestal_03_mesh" in 35 ms
[10:01:44][pdx_3dtypes.cpp:217]: Total time "indian_factory_food_01_mesh" in 35 ms
[10:01:44][pdx_3dtypes.cpp:217]: Total time "french_farm_centerpiece_01_mesh" in 35 ms
[10:01:44][pdx_3dtypes.cpp:217]: Total time "female_hair_chinese_01_mesh" in 35 ms
[10:01:44][pdx_3dtypes.cpp:217]: Total time "male_headgear_shako_hat_01_mesh" in 35 ms
[10:01:44][pdx_3dtypes.cpp:217]: Total time "monument_watarun_mesh" in 35 ms
[10:01:44][pdx_3dtypes.cpp:217]: Total time "male_legwear_navy_01_mesh" in 35 ms
[10:01:44][pdx_3dtypes.cpp:217]: Total time "french_forestry_centerpiece_01_mesh" in 35 ms
[10:01:44][pdx_3dtypes.cpp:217]: Total time "indian_forestry_loggingcamp_02_mesh" in 34 ms
[10:01:44][pdx_3dtypes.cpp:217]: Total time "latin_colonial_manufactory_03_mesh" in 34 ms
[10:01:44][pdx_3dtypes.cpp:217]: Total time "indian_rural_residential_mid_03_mesh" in 34 ms
[10:01:44][pdx_3dtypes.cpp:217]: Total time "arabic_port_navalbase_01_mesh" in 34 ms
[10:01:44][pdx_3dtypes.cpp:217]: Total time "wonder_great_mosque_of_djenne_01_mesh" in 34 ms
[10:01:44][pdx_3dtypes.cpp:217]: Total time "male_coat_vested_tailcoat_01_mesh" in 34 ms
[10:01:44][pdx_3dtypes.cpp:217]: Total time "asian_city_academy_01_mesh" in 34 ms
[10:01:44][pdx_3dtypes.cpp:217]: Total time "arabic_rural_residential_poor_01_mesh" in 34 ms
[10:01:44][pdx_3dtypes.cpp:217]: Total time "french_city_financialdistrict_01_mesh" in 34 ms
[10:01:44][pdx_3dtypes.cpp:217]: Total time "hull_shipoftheline_heavy_mesh" in 34 ms
[10:01:44][pdx_3dtypes.cpp:217]: Total time "male_headgear_african_common_01_mesh" in 34 ms
[10:01:44][pdx_3dtypes.cpp:217]: Total time "asian_rural_farm_centerpiece_01_mesh" in 34 ms
[10:01:44][pdx_3dtypes.cpp:217]: Total time "military_navy_blockade_generic_mesh" in 34 ms
[10:01:44][pdx_3dtypes.cpp:217]: Total time "diorama_battle_skirmish_ground_01_mesh" in 34 ms
[10:01:44][pdx_3dtypes.cpp:217]: Total time "asian_rural_residential_mid_01_mesh" in 34 ms
[10:01:44][pdx_3dtypes.cpp:217]: Total time "french_farm_plantation_01_mesh" in 34 ms
[10:01:44][pdx_3dtypes.cpp:217]: Total time "asian_rural_ranch_01_mesh" in 33 ms
[10:01:44][pdx_3dtypes.cpp:217]: Total time "asian_rural_residential_rich_01_mesh" in 33 ms
[10:01:44][pdx_3dtypes.cpp:217]: Total time "french_rural_residential_poor_03_mesh" in 33 ms
[10:01:44][pdx_3dtypes.cpp:217]: Total time "male_shirt_indian_maharaja_singh_01_mesh" in 33 ms
[10:01:44][pdx_3dtypes.cpp:217]: Total time "male_headgear_indian_royalty_02_mesh" in 33 ms
[10:01:44][pdx_3dtypes.cpp:217]: Total time "arabic_mobile_artillery_mesh" in 33 ms
[10:01:44][pdx_3dtypes.cpp:217]: Total time "military_artillery_cannon_generic_mesh" in 33 ms
[10:01:44][pdx_3dtypes.cpp:217]: Total time "latin_urban_city_residential_poor_02_mesh" in 33 ms
[10:01:44][pdx_3dtypes.cpp:217]: Total time "torpedoboatdestroyer_base_mesh" in 33 ms
[10:01:44][pdx_3dtypes.cpp:217]: Total time "arabic_rural_residential_mid_03_mesh" in 33 ms
[10:01:44][pdx_3dtypes.cpp:217]: Total time "asian_province_subfarm_02_mesh" in 33 ms
[10:01:44][pdx_3dtypes.cpp:217]: Total time "generic_line_infantry_mesh" in 33 ms
[10:01:44][pdx_3dtypes.cpp:217]: Total time "latin_port_centerpiece_02_mesh" in 33 ms
[10:01:44][pdx_3dtypes.cpp:217]: Total time "french_port_navalbase_01_mesh" in 33 ms
[10:01:44][pdx_3dtypes.cpp:217]: Total time "male_outfit_greek_fustanella_01_mesh" in 33 ms
[10:01:44][pdx_3dtypes.cpp:217]: Total time "tractor_01_mesh" in 33 ms
[10:01:44][pdx_3dtypes.cpp:217]: Total time "superdreadnought_base_mesh" in 33 ms
[10:01:44][pdx_3dtypes.cpp:217]: Total time "balkan_farm_ranch_01_mesh" in 33 ms
[10:01:44][pdx_3dtypes.cpp:217]: Total time "male_headgear_beret_hat_01_mesh" in 33 ms
[10:01:44][pdx_3dtypes.cpp:217]: Total time "african_rural_residential_poor_03_mesh" in 32 ms
[10:01:44][pdx_3dtypes.cpp:217]: Total time "latin_rural_residential_poor_01_mesh" in 32 ms
[10:01:44][pdx_3dtypes.cpp:217]: Total time "wonder_gran_teatro_de_la_habana_mesh" in 32 ms
[10:01:44][pdx_3dtypes.cpp:217]: Total time "cliff_canyon_01_mesh" in 32 ms
[10:01:44][pdx_3dtypes.cpp:217]: Total time "male_coat_vested_tailcoat_03_mesh" in 32 ms
[10:01:44][pdx_3dtypes.cpp:217]: Total time "european_rural_ranch_01_mesh" in 32 ms
[10:01:44][pdx_3dtypes.cpp:217]: Total time "cliff_canyon_09_mesh" in 32 ms
[10:01:44][pdx_3dtypes.cpp:217]: Total time "hull_frigate_heavy_mesh" in 32 ms
[10:01:44][pdx_3dtypes.cpp:217]: Total time "female_legwear_european_military_02_mesh" in 32 ms
[10:01:44][pdx_3dtypes.cpp:217]: Total time "hull_predreadnought_heavy_mesh" in 32 ms
[10:01:44][pdx_3dtypes.cpp:217]: Total time "male_coat_vested_tailcoat_02_mesh" in 31 ms
[10:01:44][pdx_3dtypes.cpp:217]: Total time "asian_urban_residential_poor_02_mesh" in 31 ms
[10:01:44][pdx_3dtypes.cpp:217]: Total time "cliff_canyon_03_mesh" in 31 ms
[10:01:44][pdx_3dtypes.cpp:217]: Total time "asian_city_financialdistrict_01_mesh" in 31 ms
[10:01:44][pdx_3dtypes.cpp:217]: Total time "cliff_canyon_16_mesh" in 31 ms
[10:01:44][pdx_3dtypes.cpp:217]: Total time "indian_city_barracks_mesh" in 31 ms
[10:01:44][pdx_3dtypes.cpp:217]: Total time "european_city_centerpiece_skyscraper_01_mesh" in 31 ms
[10:01:44][pdx_3dtypes.cpp:217]: Total time "latin_urban_city_residential_mid_02_mesh" in 31 ms
[10:01:44][pdx_3dtypes.cpp:217]: Total time "male_outfit_indian_common_02_mesh" in 31 ms
[10:01:44][pdx_3dtypes.cpp:217]: Total time "modernironclad_base_mesh" in 31 ms
[10:01:44][pdx_3dtypes.cpp:217]: Total time "male_hair_european_15_mesh" in 31 ms
[10:01:44][pdx_3dtypes.cpp:217]: Total time "male_hair_historical_robert_grant_mesh" in 31 ms
[10:01:44][pdx_3dtypes.cpp:217]: Total time "male_sashes_austrian_01_mesh" in 31 ms
[10:01:44][pdx_3dtypes.cpp:217]: Total time "female_outfit_south_american_01_low_mesh" in 31 ms
[10:01:44][pdx_3dtypes.cpp:217]: Total time "balkan_rural_residential_mid_02_mesh" in 31 ms
[10:01:44][pdx_3dtypes.cpp:217]: Total time "african_rural_residential_poor_02_mesh" in 31 ms
[10:01:44][pdx_3dtypes.cpp:217]: Total time "african_rural_residential_rich_02_mesh" in 31 ms
[10:01:44][pdx_3dtypes.cpp:217]: Total time "balkan_city_govadmin_01_mesh" in 31 ms
[10:01:44][pdx_3dtypes.cpp:217]: Total time "arabic_farm_scatter_01_mesh" in 30 ms
[10:01:44][pdx_3dtypes.cpp:217]: Total time "female_headgear_portuguese_01_mesh" in 30 ms
[10:01:44][pdx_3dtypes.cpp:217]: Total time "french_city_tradecenter_01_mesh" in 30 ms
[10:01:44][pdx_3dtypes.cpp:217]: Total time "male_headgear_balkan_fur_01_mesh" in 30 ms
[10:01:44][pdx_3dtypes.cpp:217]: Total time "asian_furniture_manufactory_01_mesh" in 30 ms
[10:01:44][pdx_3dtypes.cpp:217]: Total time "male_headgear_russian_military_01_mesh" in 30 ms
[10:01:44][pdx_3dtypes.cpp:217]: Total time "male_outfits_naval_01_mesh" in 30 ms
[10:01:44][pdx_3dtypes.cpp:217]: Total time "indian_city_skyscraper_mesh" in 30 ms
[10:01:44][pdx_3dtypes.cpp:217]: Total time "male_legwear_south_american_01_low_mesh" in 30 ms
[10:01:44][pdx_3dtypes.cpp:217]: Total time "military_tank_mechinfantry_generic_mesh" in 30 ms
[10:01:44][pdx_3dtypes.cpp:217]: Total time "indian_farm_centerpiece_01_mesh" in 30 ms
[10:01:44][pdx_3dtypes.cpp:217]: Total time "hull_earlyironclad_medium_mesh" in 30 ms
[10:01:44][pdx_3dtypes.cpp:217]: Total time "balkan_rural_residential_mid_03_mesh" in 30 ms
[10:01:44][pdx_3dtypes.cpp:217]: Total time "wonder_the_kaiserforum_mesh" in 30 ms
[10:01:44][pdx_3dtypes.cpp:217]: Total time "male_coat_historical_dracula_mesh" in 30 ms
[10:01:44][pdx_3dtypes.cpp:217]: Total time "powerbloc_pedestal_07_mesh" in 30 ms
[10:01:44][pdx_3dtypes.cpp:217]: Total time "african_forestry_scatter_01_mesh" in 30 ms
[10:01:44][pdx_3dtypes.cpp:217]: Total time "horse_cart_sovereignempire_mesh" in 30 ms
[10:01:44][pdx_3dtypes.cpp:217]: Total time "indian_city_govadmin_mesh" in 30 ms
[10:01:44][pdx_3dtypes.cpp:217]: Total time "arabic_urban_city_townsquare_skyscraper_01_mesh" in 30 ms
[10:01:44][pdx_3dtypes.cpp:217]: Total time "male_coat_ceo_02_mesh" in 30 ms
[10:01:44][pdx_3dtypes.cpp:217]: Total time "male_coat_indian_maharaja_singh_01_mesh" in 30 ms
[10:01:44][pdx_3dtypes.cpp:217]: Total time "balkan_farm_vineyard_01_mesh" in 30 ms
[10:01:44][pdx_3dtypes.cpp:217]: Total time "latin_farm_scatter_01_mesh" in 30 ms
[10:01:44][pdx_3dtypes.cpp:217]: Total time "male_hair_emperor_tewodros_02_mesh" in 30 ms
[10:01:44][pdx_3dtypes.cpp:217]: Total time "generic_mobile_artillery_mesh" in 30 ms
[10:01:44][pdx_3dtypes.cpp:217]: Total time "powerbloc_pedestal_01_mesh" in 30 ms
[10:01:44][pdx_3dtypes.cpp:217]: Total time "asian_rural_residential_poor_03_mesh" in 29 ms
[10:01:44][pdx_3dtypes.cpp:217]: Total time "hull_superdreadnought_light_mesh" in 29 ms
[10:01:44][pdx_3dtypes.cpp:217]: Total time "cliff_canyon_08_mesh" in 29 ms
[10:01:44][pdx_3dtypes.cpp:217]: Total time "arabic_rural_residential_rich_03_mesh" in 29 ms
[10:01:44][pdx_3dtypes.cpp:217]: Total time "balkan_factory_steel_01_mesh" in 29 ms
[10:01:44][pdx_3dtypes.cpp:217]: Total time "flatbed_truck_01_mesh" in 29 ms
[10:01:44][pdx_3dtypes.cpp:217]: Total time "wonder_manilacathedral_02_mesh" in 29 ms
[10:01:44][pdx_3dtypes.cpp:217]: Total time "hull_destroyer_heavy_mesh" in 29 ms
[10:01:44][pdx_3dtypes.cpp:217]: Total time "arabic_rural_residential_rich_01_mesh" in 29 ms
[10:01:44][pdx_3dtypes.cpp:217]: Total time "male_top_layer_japanese_raincoat_01_mesh" in 29 ms
[10:01:44][pdx_3dtypes.cpp:217]: Total time "hull_shipoftheline_light_mesh" in 29 ms
[10:01:44][pdx_3dtypes.cpp:217]: Total time "hull_predreadnought_medium_mesh" in 29 ms
[10:01:44][pdx_3dtypes.cpp:217]: Total time "horses_01_mesh" in 29 ms
[10:01:44][pdx_3dtypes.cpp:217]: Total time "balkan_factory_furniture_01_mesh" in 29 ms
[10:01:44][pdx_3dtypes.cpp:217]: Total time "hull_dreadnought_heavy_mesh" in 29 ms
[10:01:44][pdx_3dtypes.cpp:217]: Total time "european_rural_plantation_01_mesh" in 29 ms
[10:01:44][pdx_3dtypes.cpp:217]: Total time "wonder_the_kaiserforum_stage1_mesh" in 29 ms
[10:01:44][pdx_3dtypes.cpp:217]: Total time "french_city_factory_arms_01_mesh" in 29 ms
[10:01:44][pdx_3dtypes.cpp:217]: Total time "indian_rural_residential_poor_03_mesh" in 29 ms
[10:01:44][pdx_3dtypes.cpp:217]: Total time "hull_modernironclad_heavy_mesh" in 29 ms
[10:01:44][pdx_3dtypes.cpp:217]: Total time "female_headgear_arabic_common_02_mesh" in 29 ms
[10:01:44][pdx_3dtypes.cpp:217]: Total time "female_hair_european_04_mesh" in 29 ms
[10:01:44][pdx_3dtypes.cpp:217]: Total time "male_belt_japanese_01_mesh" in 29 ms
[10:01:44][pdx_3dtypes.cpp:217]: Total time "french_rural_residential_mid_01_mesh" in 29 ms
[10:01:44][pdx_3dtypes.cpp:217]: Total time "monument_templeofposeidon_mesh" in 29 ms
[10:01:44][pdx_3dtypes.cpp:217]: Total time "european_city_financialdistrict_01_mesh" in 29 ms
[10:01:44][pdx_3dtypes.cpp:217]: Total time "french_city_university_01_mesh" in 29 ms
[10:01:44][pdx_3dtypes.cpp:217]: Total time "hull_superdreadnought_medium_mesh" in 29 ms
[10:01:44][pdx_3dtypes.cpp:217]: Total time "balkan_mining_coal_01_mesh" in 28 ms
[10:01:44][pdx_3dtypes.cpp:217]: Total time "prop_shackles_mesh" in 28 ms
[10:01:44][pdx_3dtypes.cpp:217]: Total time "indian_urban_residential_poor_01_mesh" in 28 ms
[10:01:44][pdx_3dtypes.cpp:217]: Total time "female_sash_south_american_agitator_01_mesh" in 28 ms
[10:01:44][pdx_3dtypes.cpp:217]: Total time "male_beard_asian_02_mesh" in 28 ms
[10:01:44][pdx_3dtypes.cpp:217]: Total time "african_city_barracks_01_mesh" in 28 ms
[10:01:44][pdx_3dtypes.cpp:217]: Total time "european_urban_residential_rich_02_mesh" in 28 ms
[10:01:44][pdx_3dtypes.cpp:217]: Total time "french_urban_residential_poor_04_mesh" in 28 ms
[10:01:44][pdx_3dtypes.cpp:217]: Total time "hull_destroyer_medium_mesh" in 28 ms
[10:01:44][pdx_3dtypes.cpp:217]: Total time "french_urban_residential_mid_03_mesh" in 28 ms
[10:01:44][pdx_3dtypes.cpp:217]: Total time "european_mobile_artillery_mesh" in 28 ms
[10:01:44][pdx_3dtypes.cpp:217]: Total time "hull_torpedoboat_medium_mesh" in 28 ms
[10:01:44][pdx_3dtypes.cpp:217]: Total time "balkan_mining_oil_01_mesh" in 28 ms
[10:01:44][pdx_3dtypes.cpp:217]: Total time "female_headgear_central_asian_01_low_mesh" in 28 ms
[10:01:44][pdx_3dtypes.cpp:217]: Total time "female_necklace_indian_02_mesh" in 28 ms
[10:01:44][pdx_3dtypes.cpp:217]: Total time "french_farm_farmhouse_01_mesh" in 28 ms
[10:01:44][pdx_3dtypes.cpp:217]: Total time "female_coat_european_greatcoat_01_mesh" in 28 ms
[10:01:44][pdx_3dtypes.cpp:217]: Total time "hull_dreadnought_light_mesh" in 28 ms
[10:01:44][pdx_3dtypes.cpp:217]: Total time "hull_predreadnought_light_mesh" in 28 ms
[10:01:44][pdx_3dtypes.cpp:217]: Total time "papermap_cigarbox_01_mesh" in 28 ms
[10:01:44][pdx_3dtypes.cpp:217]: Total time "balkan_forestry_centerpiece_03_mesh" in 28 ms
[10:01:44][pdx_3dtypes.cpp:217]: Total time "arabic_urban_city_residential_poor_03_mesh" in 28 ms
[10:01:44][pdx_3dtypes.cpp:217]: Total time "hull_torpedoboatdestroyer_medium_mesh" in 28 ms
[10:01:44][pdx_3dtypes.cpp:217]: Total time "balkan_urban_residential_rich_03_mesh" in 28 ms
[10:01:44][pdx_3dtypes.cpp:217]: Total time "asian_rural_residential_poor_01_mesh" in 28 ms
[10:01:44][pdx_3dtypes.cpp:217]: Total time "papermap_object_compass_mesh" in 27 ms
[10:01:44][pdx_3dtypes.cpp:217]: Total time "female_coat_vivandiere_01_mesh" in 27 ms
[10:01:44][pdx_3dtypes.cpp:217]: Total time "male_beard_indian_04_mesh" in 27 ms
[10:01:44][pdx_3dtypes.cpp:217]: Total time "arabic_rural_residential_poor_02_mesh" in 27 ms
[10:01:44][pdx_3dtypes.cpp:217]: Total time "french_urban_residential_poor_03_mesh" in 27 ms
[10:01:44][pdx_3dtypes.cpp:217]: Total time "balkan_urban_residential_mid_02_mesh" in 27 ms
[10:01:44][pdx_3dtypes.cpp:217]: Total time "female_top_layer_japanese_raincoat_01_mesh" in 27 ms
[10:01:44][pdx_3dtypes.cpp:217]: Total time "balkan_rural_residential_rich_01_mesh" in 27 ms
[10:01:44][pdx_3dtypes.cpp:217]: Total time "hull_superdreadnought_heavy_mesh" in 27 ms
[10:01:44][pdx_3dtypes.cpp:217]: Total time "french_forestry_scatter_01_mesh" in 27 ms
[10:01:44][pdx_3dtypes.cpp:217]: Total time "hammer_anvil_animations_mesh" in 27 ms
[10:01:44][pdx_3dtypes.cpp:217]: Total time "female_outfit_arabic_middle_tier_01_mesh" in 27 ms
[10:01:44][pdx_3dtypes.cpp:217]: Total time "male_belt_aggressive_expansion_01_mesh" in 27 ms
[10:01:44][pdx_3dtypes.cpp:217]: Total time "latin_rural_residential_mid_02_mesh" in 27 ms
[10:01:44][pdx_3dtypes.cpp:217]: Total time "male_outfit_native_american_01_low_mesh" in 27 ms
[10:01:44][pdx_3dtypes.cpp:217]: Total time "hull_submarine_light_mesh" in 27 ms
[10:01:44][pdx_3dtypes.cpp:217]: Total time "male_beard_frankenstein_scars_mesh" in 27 ms
[10:01:44][pdx_3dtypes.cpp:217]: Total time "indian_city_academy_mesh" in 27 ms
[10:01:44][pdx_3dtypes.cpp:217]: Total time "papermap_homemade_bomb_mesh" in 27 ms
[10:01:44][pdx_3dtypes.cpp:217]: Total time "african_farm_farmstead_01_mesh" in 27 ms
[10:01:44][pdx_3dtypes.cpp:217]: Total time "female_outfit_japanese_01_mid_mesh" in 27 ms
[10:01:44][pdx_3dtypes.cpp:217]: Total time "male_outfit_peasant_common_01_mesh" in 27 ms
[10:01:44][pdx_3dtypes.cpp:217]: Total time "asian_rural_residential_mid_02_mesh" in 27 ms
[10:01:44][pdx_3dtypes.cpp:217]: Total time "male_outfit_arabic_royal_02_mesh" in 26 ms
[10:01:44][pdx_3dtypes.cpp:217]: Total time "balkan_urban_residential_poor_01_mesh" in 26 ms
[10:01:44][pdx_3dtypes.cpp:217]: Total time "balkan_forestry_transportation_01_mesh" in 26 ms
[10:01:44][pdx_3dtypes.cpp:217]: Total time "female_hair_european_02_mesh" in 26 ms
[10:01:44][pdx_3dtypes.cpp:217]: Total time "train_electric_01_mesh" in 26 ms
[10:01:44][pdx_3dtypes.cpp:217]: Total time "indian_port_navalbase_mesh" in 26 ms
[10:01:44][pdx_3dtypes.cpp:217]: Total time "male_coat_gilded_tailcoat_mesh" in 26 ms
[10:01:44][pdx_3dtypes.cpp:217]: Total time "military_transport_road_truck_generic_mesh" in 26 ms
[10:01:44][pdx_3dtypes.cpp:217]: Total time "male_top_layer_african_zulu_dingane_01_mesh" in 26 ms
[10:01:44][pdx_3dtypes.cpp:217]: Total time "female_top_layer_indian_high_01_mesh" in 26 ms
[10:01:44][pdx_3dtypes.cpp:217]: Total time "indian_mining_centerpiece_01_mesh" in 26 ms
[10:01:44][pdx_3dtypes.cpp:217]: Total time "balkan_rural_residential_poor_02_mesh" in 26 ms
[10:01:44][pdx_3dtypes.cpp:217]: Total time "hull_coastaldefense_light_mesh" in 26 ms
[10:01:44][pdx_3dtypes.cpp:217]: Total time "balkan_mining_lead_01_mesh" in 26 ms
[10:01:44][pdx_3dtypes.cpp:217]: Total time "male_prop_dark_hat_mesh" in 26 ms
[10:01:44][pdx_3dtypes.cpp:217]: Total time "hull_frigate_medium_mesh" in 26 ms
[10:01:44][pdx_3dtypes.cpp:217]: Total time "arabic_farm_plantation_01_mesh" in 26 ms
[10:01:44][pdx_3dtypes.cpp:217]: Total time "asian_mobile_artillery_mesh" in 26 ms
[10:01:44][pdx_3dtypes.cpp:217]: Total time "asian_lighthouse_01_mesh" in 26 ms
[10:01:44][pdx_3dtypes.cpp:217]: Total time "female_belt_lakshmibai_01_mesh" in 26 ms
[10:01:44][pdx_3dtypes.cpp:217]: Total time "hull_shipoftheline_medium_mesh" in 26 ms
[10:01:44][pdx_3dtypes.cpp:217]: Total time "french_farm_farmhouse_02_mesh" in 26 ms
[10:01:44][pdx_3dtypes.cpp:217]: Total time "indian_farm_cotton_01_mesh" in 26 ms
[10:01:44][pdx_3dtypes.cpp:217]: Total time "hull_submarine_heavy_mesh" in 26 ms
[10:01:44][pdx_3dtypes.cpp:217]: Total time "arabic_urban_city_residential_mid_01_mesh" in 26 ms
[10:01:44][pdx_3dtypes.cpp:217]: Total time "french_mining_processing_iron_01_mesh" in 26 ms
[10:01:44][pdx_3dtypes.cpp:217]: Total time "french_city_factory_chemical_01_mesh" in 26 ms
[10:01:44][pdx_3dtypes.cpp:217]: Total time "hull_earlyironclad_heavy_mesh" in 26 ms
[10:01:44][pdx_3dtypes.cpp:217]: Total time "male_top_layers_indian_scarf_01_mesh" in 25 ms
[10:01:44][pdx_3dtypes.cpp:217]: Total time "hull_dreadnought_medium_mesh" in 25 ms
[10:01:44][pdx_3dtypes.cpp:217]: Total time "french_city_factory_munition_01_mesh" in 25 ms
[10:01:44][pdx_3dtypes.cpp:217]: Total time "french_urban_residential_rich_03_mesh" in 25 ms
[10:01:44][pdx_3dtypes.cpp:217]: Total time "balkan_urban_residential_rich_01_mesh" in 25 ms
[10:01:44][pdx_3dtypes.cpp:217]: Total time "hull_coastaldefense_medium_mesh" in 25 ms
[10:01:44][pdx_3dtypes.cpp:217]: Total time "male_coat_balkan_01_mesh" in 25 ms
[10:01:44][pdx_3dtypes.cpp:217]: Total time "strait_fortification_tower_asian_mesh" in 25 ms
[10:01:44][pdx_3dtypes.cpp:217]: Total time "female_headgear_central_asian_01_high_mesh" in 25 ms
[10:01:44][pdx_3dtypes.cpp:217]: Total time "hull_torpedoboatdestroyer_light_mesh" in 25 ms
[10:01:44][pdx_3dtypes.cpp:217]: Total time "indian_factory_chemical_01_mesh" in 25 ms
[10:01:44][pdx_3dtypes.cpp:217]: Total time "european_urban_residential_poor_01_mesh" in 25 ms
[10:01:44][pdx_3dtypes.cpp:217]: Total time "indian_urban_residential_poor_03_mesh" in 25 ms
[10:01:44][pdx_3dtypes.cpp:217]: Total time "male_necklace_power_bloc_sovereign_01_mesh" in 25 ms
[10:01:44][pdx_3dtypes.cpp:217]: Total time "latin_farm_farmstead_01_mesh" in 25 ms
[10:01:44][pdx_3dtypes.cpp:217]: Total time "male_mustache_napoleon_03_mesh" in 25 ms
[10:01:44][pdx_3dtypes.cpp:217]: Total time "female_legwear_vivandiere_01_mesh" in 25 ms
[10:01:44][pdx_3dtypes.cpp:217]: Total time "hull_modernironclad_light_mesh" in 25 ms
[10:01:44][pdx_3dtypes.cpp:217]: Total time "female_hair_european_short_haircut_01_mesh" in 25 ms
[10:01:44][pdx_3dtypes.cpp:217]: Total time "male_coat_european_civil_dress_uniform_01_mesh" in 25 ms
[10:01:44][pdx_3dtypes.cpp:217]: Total time "female_outfit_slavic_01_low_mesh" in 25 ms
[10:01:44][pdx_3dtypes.cpp:217]: Total time "male_hair_rudolf_prince_of_austria_mesh" in 25 ms
[10:01:44][pdx_3dtypes.cpp:217]: Total time "french_rural_residential_poor_01_mesh" in 25 ms
[10:01:44][pdx_3dtypes.cpp:217]: Total time "male_headgear_japanese_imperial_01_mesh" in 25 ms
[10:01:44][pdx_3dtypes.cpp:217]: Total time "male_headgear_jankoji_rao_scindia_ii_mesh" in 25 ms
[10:01:44][pdx_3dtypes.cpp:217]: Total time "french_farm_farmstead_01_mesh" in 25 ms
[10:01:44][pdx_3dtypes.cpp:217]: Total time "female_legwear_circumpolar_01_mesh" in 25 ms
[10:01:44][pdx_3dtypes.cpp:217]: Total time "military_navy_submarine_generic_mesh" in 25 ms
[10:01:44][pdx_3dtypes.cpp:217]: Total time "hull_torpedoboatdestroyer_heavy_mesh" in 25 ms
[10:01:44][pdx_3dtypes.cpp:217]: Total time "male_headgear_indian_common_puneri_pagadi_mesh" in 25 ms
[10:01:44][pdx_3dtypes.cpp:217]: Total time "female_sash_slavic_agitator_01_mesh" in 25 ms
[10:01:44][pdx_3dtypes.cpp:217]: Total time "balkan_city_tradecenter_01_mesh" in 25 ms
[10:01:44][pdx_3dtypes.cpp:217]: Total time "male_teeth_mesh" in 25 ms
[10:01:44][pdx_3dtypes.cpp:217]: Total time "male_top_layer_japanese_kataginu_01_mesh" in 25 ms
[10:01:44][pdx_3dtypes.cpp:217]: Total time "prop_rifle_mesh" in 25 ms
[10:01:44][pdx_3dtypes.cpp:217]: Total time "french_city_factory_warmachine_01_mesh" in 25 ms
[10:01:44][pdx_3dtypes.cpp:217]: Total time "military_transport_railroad_armoredcart_generic_mesh" in 25 ms
[10:01:44][pdx_3dtypes.cpp:217]: Total time "asian_province_subfarm_01_mesh" in 25 ms
[10:01:44][pdx_3dtypes.cpp:217]: Total time "female_headgear_african_common_01_mesh" in 25 ms
[10:01:44][pdx_3dtypes.cpp:217]: Total time "french_rural_residential_rich_02_mesh" in 25 ms
[10:01:44][pdx_3dtypes.cpp:217]: Total time "african_rural_residential_rich_03_mesh" in 25 ms
[10:01:44][pdx_3dtypes.cpp:217]: Total time "male_top_layer_south_american_gaucho_01_mesh" in 24 ms
[10:01:44][pdx_3dtypes.cpp:217]: Total time "french_city_factory_papermill_01_mesh" in 24 ms
[10:01:44][pdx_3dtypes.cpp:217]: Total time "latin_urban_city_residential_mid_01_mesh" in 24 ms
[10:01:44][pdx_3dtypes.cpp:217]: Total time "african_colonial_manufactory_02_mesh" in 24 ms
[10:01:44][pdx_3dtypes.cpp:217]: Total time "female_outfit_native_american_01_mid_mesh" in 24 ms
[10:01:44][pdx_3dtypes.cpp:217]: Total time "powerbloc_statue_hero_prancinghorse_01_mesh" in 24 ms
[10:01:44][pdx_3dtypes.cpp:217]: Total time "bird_eagle_02_mesh" in 24 ms
[10:01:44][pdx_3dtypes.cpp:217]: Total time "male_coat_historical_blanqui_01_mesh" in 24 ms
[10:01:44][pdx_3dtypes.cpp:217]: Total time "male_outfit_native_american_01_high_mesh" in 24 ms
[10:01:44][pdx_3dtypes.cpp:217]: Total time "african_rural_residential_mid_03_mesh" in 24 ms
[10:01:44][pdx_3dtypes.cpp:217]: Total time "papermap_kolbasz_mesh" in 24 ms
[10:01:44][pdx_3dtypes.cpp:217]: Total time "balkan_city_university_01_mesh" in 24 ms
[10:01:44][pdx_3dtypes.cpp:217]: Total time "french_urban_residential_rich_02_mesh" in 24 ms
[10:01:44][pdx_3dtypes.cpp:217]: Total time "french_city_factory_tech_01_mesh" in 24 ms
[10:01:44][pdx_3dtypes.cpp:217]: Total time "indian_factory_tools_01_mesh" in 24 ms
[10:01:44][pdx_3dtypes.cpp:217]: Total time "arabic_urban_city_residential_poor_01_mesh" in 24 ms
[10:01:44][pdx_3dtypes.cpp:217]: Total time "female_top_layers_lakshmibai_01_mesh" in 24 ms
[10:01:44][pdx_3dtypes.cpp:217]: Total time "female_outfit_japanese_01_low_mesh" in 24 ms
[10:01:44][pdx_3dtypes.cpp:217]: Total time "female_outfit_european_royal_01_mesh" in 24 ms
[10:01:44][pdx_3dtypes.cpp:217]: Total time "african_urban_city_residential_poor_03_mesh" in 24 ms
[10:01:44][pdx_3dtypes.cpp:217]: Total time "powerbloc_statue_hero_dancinglady_mesh" in 24 ms
[10:01:44][pdx_3dtypes.cpp:217]: Total time "male_belts_sash_power_bloc_02_mesh" in 24 ms
[10:01:44][pdx_3dtypes.cpp:217]: Total time "asian_rural_plantation_01_mesh" in 24 ms
[10:01:44][pdx_3dtypes.cpp:217]: Total time "indian_city_university_mesh" in 24 ms
[10:01:44][pdx_3dtypes.cpp:217]: Total time "male_headgear_japanese_ashigaru_jingasa_mesh" in 24 ms
[10:01:44][pdx_3dtypes.cpp:217]: Total time "submarine_base_mesh" in 24 ms
[10:01:44][pdx_3dtypes.cpp:217]: Total time "male_headgear_late_military_cap_navy_straps_mesh" in 24 ms
[10:01:44][pdx_3dtypes.cpp:217]: Total time "european_rural_center_piece_01_mesh" in 24 ms
[10:01:44][pdx_3dtypes.cpp:217]: Total time "female_coat_vivandiere_02_mesh" in 24 ms
[10:01:44][pdx_3dtypes.cpp:217]: Total time "european_city_academy_01_mesh" in 24 ms
[10:01:44][pdx_3dtypes.cpp:217]: Total time "female_headgear_european_agitator_02_mesh" in 24 ms
[10:01:44][pdx_3dtypes.cpp:217]: Total time "male_top_layer_european_royal_01_mesh" in 24 ms
[10:01:44][pdx_3dtypes.cpp:217]: Total time "male_belt_generic_01_mesh" in 24 ms
[10:01:44][pdx_3dtypes.cpp:217]: Total time "male_headgear_european_common_01_mesh" in 24 ms
[10:01:44][pdx_3dtypes.cpp:217]: Total time "female_headdot_01_mesh" in 24 ms
[10:01:44][pdx_3dtypes.cpp:217]: Total time "male_belt_greek_01_mesh" in 24 ms
[10:01:44][pdx_3dtypes.cpp:217]: Total time "male_outfit_european_carnaval_pierrot_01_mesh" in 24 ms
[10:01:44][pdx_3dtypes.cpp:217]: Total time "male_outfit_japanese_imperial_01_mesh" in 24 ms
[10:01:44][pdx_3dtypes.cpp:217]: Total time "indian_factory_papermill_01_mesh" in 24 ms
[10:01:44][pdx_3dtypes.cpp:217]: Total time "european_urban_residential_mid_01_mesh" in 24 ms
[10:01:44][pdx_3dtypes.cpp:217]: Total time "arabic_farm_farmstead_01_mesh" in 24 ms
[10:01:44][pdx_3dtypes.cpp:217]: Total time "indian_urban_residential_mid_03_mesh" in 24 ms
[10:01:44][pdx_3dtypes.cpp:217]: Total time "military_medical_fieldhospitals_mesh" in 24 ms
[10:01:44][pdx_3dtypes.cpp:217]: Total time "male_headgear_south_american_agitator_01_mesh" in 24 ms
[10:01:44][pdx_3dtypes.cpp:217]: Total time "prop_large_sack_mesh" in 24 ms
[10:01:44][pdx_3dtypes.cpp:217]: Total time "male_headgear_south_american_gaucho_hat_01_mesh" in 24 ms
[10:01:44][pdx_3dtypes.cpp:217]: Total time "female_outfit_indian_common_01_mesh" in 24 ms
[10:01:44][pdx_3dtypes.cpp:217]: Total time "male_outfit_siamese_common_01_mesh" in 24 ms
[10:01:44][pdx_3dtypes.cpp:217]: Total time "arabic_urban_city_residential_mid_03_mesh" in 24 ms
[10:01:44][pdx_3dtypes.cpp:217]: Total time "male_headgear_japanese_common_04_mesh" in 24 ms
[10:01:44][pdx_3dtypes.cpp:217]: Total time "hull_coastaldefense_heavy_mesh" in 24 ms
[10:01:44][pdx_3dtypes.cpp:217]: Total time "military_support_chemical_warfare_mesh" in 24 ms
[10:01:44][pdx_3dtypes.cpp:217]: Total time "french_city_factory_glass_01_mesh" in 23 ms
[10:01:44][pdx_3dtypes.cpp:217]: Total time "hull_submarine_medium_mesh" in 23 ms
[10:01:44][pdx_3dtypes.cpp:217]: Total time "male_medals_prussian_01_03_mesh" in 23 ms
[10:01:44][pdx_3dtypes.cpp:217]: Total time "whale_white_mesh" in 23 ms
[10:01:44][pdx_3dtypes.cpp:217]: Total time "generic_factory_chemical_01_mesh" in 23 ms
[10:01:44][pdx_3dtypes.cpp:217]: Total time "male_mustache_historical_clemenceau_mesh" in 23 ms
[10:01:44][pdx_3dtypes.cpp:217]: Total time "female_outfit_chinese_01_mid_mesh" in 23 ms
[10:01:44][pdx_3dtypes.cpp:217]: Total time "male_hair_african_01_cap1_mesh" in 23 ms
[10:01:44][pdx_3dtypes.cpp:217]: Total time "european_rural_building_poor_02_mesh" in 23 ms
[10:01:44][pdx_3dtypes.cpp:217]: Total time "female_outfit_european_agitator_01_mesh" in 23 ms
[10:01:44][pdx_3dtypes.cpp:217]: Total time "french_urban_residential_poor_02_mesh" in 23 ms
[10:01:44][pdx_3dtypes.cpp:217]: Total time "male_belt_gb_admiral_mesh" in 23 ms
[10:01:44][pdx_3dtypes.cpp:217]: Total time "latin_farm_ranch_01_mesh" in 23 ms
[10:01:44][pdx_3dtypes.cpp:217]: Total time "male_beard_european_10_mesh" in 23 ms
[10:01:44][pdx_3dtypes.cpp:217]: Total time "male_coat_japanese_meiji_court_01_mesh" in 23 ms
[10:01:44][pdx_3dtypes.cpp:217]: Total time "male_hair_european_01_mesh" in 23 ms
[10:01:44][pdx_3dtypes.cpp:217]: Total time "african_urban_city_residential_rich_01_mesh" in 23 ms
[10:01:44][pdx_3dtypes.cpp:217]: Total time "european_urban_residential_mid_03_mesh" in 23 ms
[10:01:44][pdx_3dtypes.cpp:217]: Total time "male_coat_european_01_mesh" in 23 ms
[10:01:44][pdx_3dtypes.cpp:217]: Total time "indian_forestry_centerpiece_01_mesh" in 23 ms
[10:01:44][pdx_3dtypes.cpp:217]: Total time "european_car_01_mesh" in 23 ms
[10:01:44][pdx_3dtypes.cpp:217]: Total time "european_rural_building_mid_02_mesh" in 23 ms
[10:01:44][pdx_3dtypes.cpp:217]: Total time "props_glasses_02_mesh" in 23 ms
[10:01:44][pdx_3dtypes.cpp:217]: Total time "male_headgear_european_military_04_mesh" in 23 ms
[10:01:44][pdx_3dtypes.cpp:217]: Total time "female_outfit_parka_01_mesh" in 23 ms
[10:01:44][pdx_3dtypes.cpp:217]: Total time "sail_transport_ship_01_mesh" in 23 ms
[10:01:44][pdx_3dtypes.cpp:217]: Total time "arabic_lighthouse_01_mesh" in 23 ms
[10:01:44][pdx_3dtypes.cpp:217]: Total time "male_mustache_african_03_mesh" in 23 ms
[10:01:44][pdx_3dtypes.cpp:217]: Total time "male_mustache_bahadur_shah_zafar_mesh" in 23 ms
[10:01:44][pdx_3dtypes.cpp:217]: Total time "papermap_bugbearflask_mesh" in 23 ms
[10:01:44][pdx_3dtypes.cpp:217]: Total time "indian_rural_residential_mid_01_mesh" in 23 ms
[10:01:44][pdx_3dtypes.cpp:217]: Total time "female_outfit_central_asian_01_high_mesh" in 23 ms
[10:01:44][pdx_3dtypes.cpp:217]: Total time "female_hair_lakshmibai_01_mesh" in 23 ms
[10:01:44][pdx_3dtypes.cpp:217]: Total time "balkan_mining_iron_01_mesh" in 23 ms
[10:01:44][pdx_3dtypes.cpp:217]: Total time "female_headgear_agitator_pankhurst_mesh" in 23 ms
[10:01:44][pdx_3dtypes.cpp:217]: Total time "french_city_factory_powerplant_01_mesh" in 23 ms
[10:01:44][pdx_3dtypes.cpp:217]: Total time "prop_japanese_wagasa_mesh" in 23 ms
[10:01:44][pdx_3dtypes.cpp:217]: Total time "generic_factory_munition_01_mesh" in 23 ms
[10:01:44][pdx_3dtypes.cpp:217]: Total time "balkan_urban_residential_rich_02_mesh" in 23 ms
[10:01:44][pdx_3dtypes.cpp:217]: Total time "french_urban_residential_mid_02_mesh" in 23 ms
[10:01:44][pdx_3dtypes.cpp:217]: Total time "male_coat_european_gb_01_mesh" in 23 ms
[10:01:44][pdx_3dtypes.cpp:217]: Total time "male_top_layer_south_american_bandit_lampiao_01_mesh" in 23 ms
[10:01:44][pdx_3dtypes.cpp:217]: Total time "female_outfit_central_asian_01_low_mesh" in 23 ms
[10:01:44][pdx_3dtypes.cpp:217]: Total time "male_headgear_european_military_08_mesh" in 23 ms
[10:01:44][pdx_3dtypes.cpp:217]: Total time "wonder_easter_island_heads_01_mesh" in 23 ms
[10:01:44][pdx_3dtypes.cpp:217]: Total time "male_outfit_chinese_court_01_mesh" in 23 ms
[10:01:44][pdx_3dtypes.cpp:217]: Total time "indian_rural_manorhouse_01_mesh" in 23 ms
[10:01:44][pdx_3dtypes.cpp:217]: Total time "balkan_factory_tech_01_mesh" in 23 ms
[10:01:44][pdx_3dtypes.cpp:217]: Total time "male_waistcoat_european_03_mesh" in 23 ms
[10:01:44][pdx_3dtypes.cpp:217]: Total time "male_legwear_polynesian_01_high_mesh" in 23 ms
[10:01:44][pdx_3dtypes.cpp:217]: Total time "male_headgear_european_military_05_mesh" in 23 ms
[10:01:44][pdx_3dtypes.cpp:217]: Total time "male_necklace_polynesian_01_low_mesh" in 23 ms
[10:01:44][pdx_3dtypes.cpp:217]: Total time "male_outfit_european_agitator_01_mesh" in 23 ms
[10:01:44][pdx_3dtypes.cpp:217]: Total time "train_locomotive_g_01_mesh" in 23 ms
[10:01:44][pdx_3dtypes.cpp:217]: Total time "female_necklace_power_bloc_ideological_01_mesh" in 23 ms
[10:01:44][pdx_3dtypes.cpp:217]: Total time "male_headgear_arabic_common_02_mesh" in 23 ms
[10:01:44][pdx_3dtypes.cpp:217]: Total time "female_headgear_south_american_gaucho_01_mesh" in 23 ms
[10:01:44][pdx_3dtypes.cpp:217]: Total time "generic_forestry_centerpiece_02_mesh" in 23 ms
[10:01:44][pdx_3dtypes.cpp:217]: Total time "indian_rural_residential_rich_01_mesh" in 23 ms
[10:01:44][pdx_3dtypes.cpp:217]: Total time "hull_monitor_heavy_mesh" in 23 ms
[10:01:44][pdx_3dtypes.cpp:217]: Total time "hull_torpedoboat_heavy_mesh" in 23 ms
[10:01:44][pdx_3dtypes.cpp:217]: Total time "male_hair_european_13_mesh" in 23 ms
[10:01:44][pdx_3dtypes.cpp:217]: Total time "indian_farm_ranch_01_mesh" in 23 ms
[10:01:44][pdx_3dtypes.cpp:217]: Total time "papermap_cubancigar_mesh" in 23 ms
[10:01:44][pdx_3dtypes.cpp:217]: Total time "male_coat_late_winter_greatcoat_mesh" in 23 ms
[10:01:44][pdx_3dtypes.cpp:217]: Total time "latin_rural_residential_mid_01_mesh" in 23 ms
[10:01:44][pdx_3dtypes.cpp:217]: Total time "female_outfit_south_american_01_high_mesh" in 22 ms
[10:01:44][pdx_3dtypes.cpp:217]: Total time "balkan_urban_residential_mid_01_mesh" in 22 ms
[10:01:44][pdx_3dtypes.cpp:217]: Total time "generic_forestry_loggingcamp_02_mesh" in 22 ms
[10:01:44][pdx_3dtypes.cpp:217]: Total time "train_diesel_01_mesh" in 22 ms
[10:01:44][pdx_3dtypes.cpp:217]: Total time "male_headgear_zulu_impi_01_mesh" in 22 ms
[10:01:44][pdx_3dtypes.cpp:217]: Total time "female_outfit_arabic_common_01_mesh" in 22 ms
[10:01:44][pdx_3dtypes.cpp:217]: Total time "female_hair_african_02_mesh" in 22 ms
[10:01:44][pdx_3dtypes.cpp:217]: Total time "male_outfit_christian_priest_01_mesh" in 22 ms
[10:01:44][pdx_3dtypes.cpp:217]: Total time "french_city_govadmin_01_mesh" in 22 ms
[10:01:44][pdx_3dtypes.cpp:217]: Total time "male_outfit_chinese_01_low_mesh" in 22 ms
[10:01:44][pdx_3dtypes.cpp:217]: Total time "male_top_layer_zulu_impi_01_mesh" in 22 ms
[10:01:44][pdx_3dtypes.cpp:217]: Total time "female_sash_chinese_agitator_01_mesh" in 22 ms
[10:01:44][pdx_3dtypes.cpp:217]: Total time "male_headgear_japanese_nirayamagasa_mesh" in 22 ms
[10:01:44][pdx_3dtypes.cpp:217]: Total time "prop_top_hat_mesh" in 22 ms
[10:01:44][pdx_3dtypes.cpp:217]: Total time "indian_companyhq_01_mesh" in 22 ms
[10:01:44][pdx_3dtypes.cpp:217]: Total time "female_headgear_slavic_kokoshnik_01_mesh" in 22 ms
[10:01:44][pdx_3dtypes.cpp:217]: Total time "female_necklace_power_bloc_sovereign_01_mesh" in 22 ms
[10:01:44][pdx_3dtypes.cpp:217]: Total time "male_legwear_native_american_01_mesh" in 22 ms
[10:01:44][pdx_3dtypes.cpp:217]: Total time "male_outfit_japanese_01_low_mesh" in 22 ms
[10:01:44][pdx_3dtypes.cpp:217]: Total time "male_civilian_coat_european_02_mesh" in 22 ms
[10:01:44][pdx_3dtypes.cpp:217]: Total time "female_outfit_slavic_kokoshnik_01_mesh" in 22 ms
[10:01:44][pdx_3dtypes.cpp:217]: Total time "military_diorama_flag_mesh" in 22 ms
[10:01:44][pdx_3dtypes.cpp:217]: Total time "male_hair_african_02_mesh" in 22 ms
[10:01:44][pdx_3dtypes.cpp:217]: Total time "male_coat_european_03_mesh" in 22 ms
[10:01:44][pdx_3dtypes.cpp:217]: Total time "rockformation_08_mesh" in 22 ms
[10:01:44][pdx_3dtypes.cpp:217]: Total time "female_outfit_european_common_01_mesh" in 22 ms
[10:01:44][pdx_3dtypes.cpp:217]: Total time "balkan_urban_residential_poor_04_mesh" in 22 ms
[10:01:44][pdx_3dtypes.cpp:217]: Total time "male_top_layer_native_american_01_mesh" in 22 ms
[10:01:44][pdx_3dtypes.cpp:217]: Total time "female_outfit_chinese_01_low_mesh" in 22 ms
[10:01:44][pdx_3dtypes.cpp:217]: Total time "windmill_01_mesh" in 22 ms
[10:01:44][pdx_3dtypes.cpp:217]: Total time "french_mining_quarry_01_mesh" in 22 ms
[10:01:44][pdx_3dtypes.cpp:217]: Total time "male_necklace_power_bloc_trade_01_mesh" in 22 ms
[10:01:44][pdx_3dtypes.cpp:217]: Total time "prop_basket_mesh" in 22 ms
[10:01:44][pdx_3dtypes.cpp:217]: Total time "female_headgear_european_common_01_mesh" in 22 ms
[10:01:44][pdx_3dtypes.cpp:217]: Total time "strait_fortification_tower_latin_mesh" in 22 ms
[10:01:44][pdx_3dtypes.cpp:217]: Total time "male_necklace_power_bloc_cape_01_mesh" in 22 ms
[10:01:44][pdx_3dtypes.cpp:217]: Total time "male_shirts_balkan_hajduk_01_mesh" in 22 ms
[10:01:44][pdx_3dtypes.cpp:217]: Total time "male_legwear_greek_01_mesh" in 22 ms
[10:01:44][pdx_3dtypes.cpp:217]: Total time "male_belt_austrian_01_mesh" in 22 ms
[10:01:44][pdx_3dtypes.cpp:217]: Total time "female_sash_african_agitator_01_mesh" in 22 ms
[10:01:44][pdx_3dtypes.cpp:217]: Total time "balkan_city_academy_01_mesh" in 22 ms
[10:01:44][pdx_3dtypes.cpp:217]: Total time "male_outfit_korean_imperial_01_mesh" in 22 ms
[10:01:44][pdx_3dtypes.cpp:217]: Total time "indian_urban_residential_mid_02_mesh" in 22 ms
[10:01:44][pdx_3dtypes.cpp:217]: Total time "male_headgear_japanese_agitator_01_mesh" in 22 ms
[10:01:44][pdx_3dtypes.cpp:217]: Total time "male_necklace_louis_delescluze_mesh" in 22 ms
[10:01:44][pdx_3dtypes.cpp:217]: Total time "male_headgear_european_military_cap_01_mesh" in 22 ms
[10:01:44][pdx_3dtypes.cpp:217]: Total time "male_headgear_arabic_naser_qajar_01_mesh" in 22 ms
[10:01:44][pdx_3dtypes.cpp:217]: Total time "male_hair_european_16_mesh" in 22 ms
[10:01:44][pdx_3dtypes.cpp:217]: Total time "wonder_eye_of_sahara_01_mesh" in 22 ms
[10:01:44][pdx_3dtypes.cpp:217]: Total time "zeppelin_02_mesh" in 22 ms
[10:01:44][pdx_3dtypes.cpp:217]: Total time "male_coat_historical_lenin_01_mesh" in 22 ms
[10:01:44][pdx_3dtypes.cpp:217]: Total time "male_epaulettes_04_mesh" in 22 ms
[10:01:44][pdx_3dtypes.cpp:217]: Total time "male_headgear_european_religious_catholic_01_mesh" in 22 ms
[10:01:44][pdx_3dtypes.cpp:217]: Total time "sandstone_monument_01_mesh" in 22 ms
[10:01:44][pdx_3dtypes.cpp:217]: Total time "female_outfit_african_common_03_mesh" in 22 ms
[10:01:44][pdx_3dtypes.cpp:217]: Total time "male_coat_european_09_mesh" in 22 ms
[10:01:44][pdx_3dtypes.cpp:217]: Total time "male_headgear_european_agitator_01_mesh" in 22 ms
[10:01:44][pdx_3dtypes.cpp:217]: Total time "female_outfit_korean_common_01_mesh" in 22 ms
[10:01:44][pdx_3dtypes.cpp:217]: Total time "arabic_urban_city_residential_rich_02_mesh" in 22 ms
[10:01:44][pdx_3dtypes.cpp:217]: Total time "powerbloc_statue_hero_obeliskethiopia_mesh" in 22 ms
[10:01:44][pdx_3dtypes.cpp:217]: Total time "asian_city_centerpiece_01_mesh" in 22 ms
[10:01:44][pdx_3dtypes.cpp:217]: Total time "male_headgear_ethiopian_royal_01_mesh" in 22 ms
[10:01:44][pdx_3dtypes.cpp:217]: Total time "female_outfit_native_american_01_high_mesh" in 22 ms
[10:01:44][pdx_3dtypes.cpp:217]: Total time "male_hair_historical_tsar_alexander_iii_mesh" in 22 ms
[10:01:44][pdx_3dtypes.cpp:217]: Total time "female_outfit_children_royal_01_mesh" in 22 ms
[10:01:44][pdx_3dtypes.cpp:217]: Total time "male_prop_gloves_01_mesh" in 22 ms
[10:01:44][pdx_3dtypes.cpp:217]: Total time "female_headgear_indian_high_01_mesh" in 22 ms
[10:01:44][pdx_3dtypes.cpp:217]: Total time "arabic_rural_residential_mid_01_mesh" in 22 ms
[10:01:44][pdx_3dtypes.cpp:217]: Total time "male_headgear_chinese_imperial_01_mesh" in 22 ms
[10:01:44][pdx_3dtypes.cpp:217]: Total time "male_hair_historical_king_william_01_mesh" in 22 ms
[10:01:44][pdx_3dtypes.cpp:217]: Total time "male_necklace_power_bloc_military_01_mesh" in 22 ms
[10:01:44][pdx_3dtypes.cpp:217]: Total time "male_beard_asian_03_mesh" in 22 ms
[10:01:44][pdx_3dtypes.cpp:217]: Total time "hull_torpedoboat_light_mesh" in 22 ms
[10:01:44][pdx_3dtypes.cpp:217]: Total time "latin_rural_residential_rich_02_mesh" in 22 ms
[10:01:44][pdx_3dtypes.cpp:217]: Total time "male_coat_european_08_mesh" in 21 ms
[10:01:44][pdx_3dtypes.cpp:217]: Total time "hull_monitor_light_mesh" in 21 ms
[10:01:44][pdx_3dtypes.cpp:217]: Total time "military_arms_blunderbuss_mesh" in 21 ms
[10:01:44][pdx_3dtypes.cpp:217]: Total time "male_beard_european_06_mesh" in 21 ms
[10:01:44][pdx_3dtypes.cpp:217]: Total time "male_headgear_central_asian_01_high_mesh" in 21 ms
[10:01:44][pdx_3dtypes.cpp:217]: Total time "tree_cypress_002_mesh" in 21 ms
[10:01:44][pdx_3dtypes.cpp:217]: Total time "male_outfit_parka_01_mesh" in 21 ms
[10:01:44][pdx_3dtypes.cpp:217]: Total time "male_beard_african_02_mesh" in 21 ms
[10:01:44][pdx_3dtypes.cpp:217]: Total time "male_beard_european_07_mesh" in 21 ms
[10:01:44][pdx_3dtypes.cpp:217]: Total time "female_outfit_circumpolar_01_low_mesh" in 21 ms
[10:01:44][pdx_3dtypes.cpp:217]: Total time "male_headgear_indian_bhagat_singh_mesh" in 21 ms
[10:01:44][pdx_3dtypes.cpp:217]: Total time "male_top_layer_japanese_common_01_mesh" in 21 ms
[10:01:44][pdx_3dtypes.cpp:217]: Total time "male_civilian_coat_arabic_01_mesh" in 21 ms
[10:01:44][pdx_3dtypes.cpp:217]: Total time "male_mustache_alexander_karadordevic_mesh" in 21 ms
[10:01:44][pdx_3dtypes.cpp:217]: Total time "military_transport_road_horsecart_generic_mesh" in 21 ms
[10:01:44][pdx_3dtypes.cpp:217]: Total time "generic_forestry_equipment_03_mesh" in 21 ms
[10:01:44][pdx_3dtypes.cpp:217]: Total time "male_coat_european_cossack_01_mesh" in 21 ms
[10:01:44][pdx_3dtypes.cpp:217]: Total time "male_headgear_japanese_common_01_mesh" in 21 ms
[10:01:44][pdx_3dtypes.cpp:217]: Total time "balkan_mining_sulfur_01_mesh" in 21 ms
[10:01:44][pdx_3dtypes.cpp:217]: Total time "asian_urban_residential_mid_02_mesh" in 21 ms
[10:01:44][pdx_3dtypes.cpp:217]: Total time "male_headgear_native_american_01_high_mesh" in 21 ms
[10:01:44][pdx_3dtypes.cpp:217]: Total time "female_outfit_native_american_01_low_mesh" in 21 ms
[10:01:44][pdx_3dtypes.cpp:217]: Total time "military_arms_lance_mesh" in 21 ms
[10:01:44][pdx_3dtypes.cpp:217]: Total time "hull_monitor_medium_mesh" in 21 ms
[10:01:44][pdx_3dtypes.cpp:217]: Total time "powerbloc_statue_hero_pointingman_mesh" in 21 ms
[10:01:44][pdx_3dtypes.cpp:217]: Total time "male_belt_gaucho_01_mesh" in 21 ms
[10:01:44][pdx_3dtypes.cpp:217]: Total time "balkan_rural_residential_poor_03_mesh" in 21 ms
[10:01:44][pdx_3dtypes.cpp:217]: Total time "bird_seagull_01_mesh" in 21 ms
[10:01:44][pdx_3dtypes.cpp:217]: Total time "female_outfit_arabic_low_tier_01_mesh" in 21 ms
[10:01:44][pdx_3dtypes.cpp:217]: Total time "male_outfit_polynesian_01_high_mesh" in 21 ms
[10:01:44][pdx_3dtypes.cpp:217]: Total time "male_necklace_power_bloc_ideological_01_mesh" in 21 ms
[10:01:44][pdx_3dtypes.cpp:217]: Total time "strait_fortification_tower_arabic_mesh" in 21 ms
[10:01:44][pdx_3dtypes.cpp:217]: Total time "male_headgear_african_common_02_mesh" in 21 ms
[10:01:44][pdx_3dtypes.cpp:217]: Total time "male_headgear_military_helmet_brodie_mesh" in 21 ms
[10:01:44][pdx_3dtypes.cpp:217]: Total time "female_top_layer_religious_cape_mesh" in 21 ms
[10:01:44][pdx_3dtypes.cpp:217]: Total time "tree_baobab_04_mesh" in 21 ms
[10:01:44][pdx_3dtypes.cpp:217]: Total time "male_coat_historical_mazzini_01_mesh" in 21 ms
[10:01:44][pdx_3dtypes.cpp:217]: Total time "male_top_layers_power_bloc_01_mesh" in 21 ms
[10:01:44][pdx_3dtypes.cpp:217]: Total time "male_sash_european_civilian_03_mesh" in 21 ms
[10:01:44][pdx_3dtypes.cpp:217]: Total time "male_headgear_indian_dwarkanath_tagore_mesh" in 21 ms
[10:01:44][pdx_3dtypes.cpp:217]: Total time "male_headgear_indian_royalty_03_mesh" in 21 ms
[10:01:44][pdx_3dtypes.cpp:217]: Total time "french_rural_residential_mid_02_mesh" in 21 ms
[10:01:44][pdx_3dtypes.cpp:217]: Total time "balkan_port_whalingstation_01_mesh" in 21 ms
[10:01:44][pdx_3dtypes.cpp:217]: Total time "male_legwear_peasants_02_mesh" in 21 ms
[10:01:44][pdx_3dtypes.cpp:217]: Total time "male_coat_european_11_mesh" in 21 ms
[10:01:44][pdx_3dtypes.cpp:217]: Total time "male_headgear_native_american_common_01_mesh" in 21 ms
[10:01:44][pdx_3dtypes.cpp:217]: Total time "female_outfit_japanese_01_high_mesh" in 21 ms
[10:01:44][pdx_3dtypes.cpp:217]: Total time "indian_city_tradecenter_mesh" in 21 ms
[10:01:44][pdx_3dtypes.cpp:217]: Total time "french_forestry_lumberdepo_01_mesh" in 21 ms
[10:01:44][pdx_3dtypes.cpp:217]: Total time "male_hair_european_10_mesh" in 21 ms
[10:01:44][pdx_3dtypes.cpp:217]: Total time "male_headgear_austrian_military_cap_01_mesh" in 21 ms
[10:01:44][pdx_3dtypes.cpp:217]: Total time "indian_factory_glass_01_mesh" in 21 ms
[10:01:44][pdx_3dtypes.cpp:217]: Total time "male_legwear_south_american_bandit_lampiao_01_mesh" in 21 ms
[10:01:44][pdx_3dtypes.cpp:217]: Total time "indian_rural_residential_rich_03_mesh" in 21 ms
[10:01:44][pdx_3dtypes.cpp:217]: Total time "male_legwear_european_01_mesh" in 21 ms
[10:01:44][pdx_3dtypes.cpp:217]: Total time "arabic_urban_city_residential_rich_01_mesh" in 21 ms
[10:01:44][pdx_3dtypes.cpp:217]: Total time "male_top_layers_gandhi_stole_01_mesh" in 21 ms
[10:01:44][pdx_3dtypes.cpp:217]: Total time "female_headgear_slavic_midsummer_01_mesh" in 21 ms
[10:01:44][pdx_3dtypes.cpp:217]: Total time "prop_saber_mesh" in 21 ms
[10:01:44][pdx_3dtypes.cpp:217]: Total time "male_outfit_south_american_01_low_mesh" in 21 ms
[10:01:44][pdx_3dtypes.cpp:217]: Total time "latin_rural_residential_mid_03_mesh" in 21 ms
[10:01:44][pdx_3dtypes.cpp:217]: Total time "male_headgear_european_military_09_mesh" in 21 ms
[10:01:44][pdx_3dtypes.cpp:217]: Total time "balkan_factory_arms_01_mesh" in 21 ms
[10:01:44][pdx_3dtypes.cpp:217]: Total time "male_necklace_reza_shah_pahlavi_mesh" in 21 ms
[10:01:44][pdx_3dtypes.cpp:217]: Total time "male_necklace_african_01_mesh" in 21 ms
[10:01:44][pdx_3dtypes.cpp:217]: Total time "male_sash_african_agitator_01_mesh" in 21 ms
[10:01:44][pdx_3dtypes.cpp:217]: Total time "female_outfit_indian_high_01_mesh" in 21 ms
[10:01:44][pdx_3dtypes.cpp:217]: Total time "male_legwear_balkan_hajduk_01_mesh" in 21 ms
[10:01:44][pdx_3dtypes.cpp:217]: Total time "female_hair_european_03_mesh" in 21 ms
[10:01:44][pdx_3dtypes.cpp:217]: Total time "male_hair_art_test_01_mesh" in 21 ms
[10:01:44][pdx_3dtypes.cpp:217]: Total time "zeppelin_01_mesh" in 21 ms
[10:01:44][pdx_3dtypes.cpp:217]: Total time "male_outfit_chinese_imperial_01_mesh" in 21 ms
[10:01:44][pdx_3dtypes.cpp:217]: Total time "male_headgear_austrian_military_cap_02_mesh" in 21 ms
[10:01:44][pdx_3dtypes.cpp:217]: Total time "african_farm_ranch_01_mesh" in 21 ms
[10:01:44][pdx_3dtypes.cpp:217]: Total time "prop_handheldfan_mesh" in 21 ms
[10:01:44][pdx_3dtypes.cpp:217]: Total time "male_headgear_arabic_royal_01_mesh" in 21 ms
[10:01:44][pdx_3dtypes.cpp:217]: Total time "male_beard_indian_01_mesh" in 21 ms
[10:01:44][pdx_3dtypes.cpp:217]: Total time "male_beard_african_03_mesh" in 21 ms
[10:01:44][pdx_3dtypes.cpp:217]: Total time "asian_rural_residential_rich_02_mesh" in 21 ms
[10:01:44][pdx_3dtypes.cpp:217]: Total time "male_epaulettes_02_mesh" in 21 ms
[10:01:44][pdx_3dtypes.cpp:217]: Total time "european_lighthouse_01_mesh" in 21 ms
[10:01:44][pdx_3dtypes.cpp:217]: Total time "male_headgear_european_military_10_mesh" in 21 ms
[10:01:44][pdx_3dtypes.cpp:217]: Total time "female_legwear_european_military_01_mesh" in 21 ms
[10:01:44][pdx_3dtypes.cpp:217]: Total time "female_headgear_japanese_common_03_mesh" in 21 ms
[10:01:44][pdx_3dtypes.cpp:217]: Total time "female_outfit_chinese_01_high_mesh" in 21 ms
[10:01:44][pdx_3dtypes.cpp:217]: Total time "male_coat_historical_maurras_01_mesh" in 20 ms
[10:01:44][pdx_3dtypes.cpp:217]: Total time "rockformation_sandstone_06_mesh" in 20 ms
[10:01:44][pdx_3dtypes.cpp:217]: Total time "female_outfit_slavic_01_high_mesh" in 20 ms
[10:01:44][pdx_3dtypes.cpp:217]: Total time "male_headgear_central_asian_01_low_mesh" in 20 ms
[10:01:44][pdx_3dtypes.cpp:217]: Total time "female_outfit_slavic_midsummer_01_mesh" in 20 ms
[10:01:44][pdx_3dtypes.cpp:217]: Total time "latin_rural_residential_rich_01_mesh" in 20 ms
[10:01:44][pdx_3dtypes.cpp:217]: Total time "male_hair_european_12_cap1_mesh" in 20 ms
[10:01:44][pdx_3dtypes.cpp:217]: Total time "tree_fir_004_mesh" in 20 ms
[10:01:44][pdx_3dtypes.cpp:217]: Total time "african_mining_processing_01_mesh" in 20 ms
[10:01:44][pdx_3dtypes.cpp:217]: Total time "male_beard_mihailo_obrenovic_mesh" in 20 ms
[10:01:44][pdx_3dtypes.cpp:217]: Total time "female_outfit_korean_high_01_mesh" in 20 ms
[10:01:44][pdx_3dtypes.cpp:217]: Total time "european_rural_building_rich_03_mesh" in 20 ms
[10:01:44][pdx_3dtypes.cpp:217]: Total time "male_mustache_gopal_krishna_01_mesh" in 20 ms
[10:01:44][pdx_3dtypes.cpp:217]: Total time "male_headgear_arabic_common_01_mesh" in 20 ms
[10:01:44][pdx_3dtypes.cpp:217]: Total time "male_prop_nudity_accessory_mesh" in 20 ms
[10:01:44][pdx_3dtypes.cpp:217]: Total time "male_hair_indian_02_mesh" in 20 ms
[10:01:44][pdx_3dtypes.cpp:217]: Total time "male_headgear_maharaja_singh_01_mesh" in 20 ms
[10:01:44][pdx_3dtypes.cpp:217]: Total time "french_mining_quarry_03_mesh" in 20 ms
[10:01:44][pdx_3dtypes.cpp:217]: Total time "female_top_layer_japanese_common_01_mesh" in 20 ms
[10:01:44][pdx_3dtypes.cpp:217]: Total time "male_headgear_arabic_mohammad_khan_01_mesh" in 20 ms
[10:01:44][pdx_3dtypes.cpp:217]: Total time "female_headgear_european_agitator_01_mesh" in 20 ms
[10:01:44][pdx_3dtypes.cpp:217]: Total time "male_top_layer_south_american_agitator_01_mesh" in 20 ms
[10:01:44][pdx_3dtypes.cpp:217]: Total time "male_necklace_indian_01_mesh" in 20 ms
[10:01:44][pdx_3dtypes.cpp:217]: Total time "powerbloc_statue_hero_dragon_mesh" in 20 ms
[10:01:44][pdx_3dtypes.cpp:217]: Total time "generic_forestry_trees_03_mesh" in 20 ms
[10:01:44][pdx_3dtypes.cpp:217]: Total time "male_beard_historical_marx_mesh" in 20 ms
[10:01:44][pdx_3dtypes.cpp:217]: Total time "male_headgear_european_carnaval_pierrot_01_mesh" in 20 ms
[10:01:44][pdx_3dtypes.cpp:217]: Total time "female_outfit_african_common_01_mesh" in 20 ms
[10:01:44][pdx_3dtypes.cpp:217]: Total time "female_headgear_power_blocks_01_mesh" in 20 ms
[10:01:44][pdx_3dtypes.cpp:217]: Total time "male_belt_generic_02_mesh" in 20 ms
[10:01:44][pdx_3dtypes.cpp:217]: Total time "prop_monocle_mesh" in 20 ms
[10:01:44][pdx_3dtypes.cpp:217]: Total time "female_headgear_japanese_common_04_mesh" in 20 ms
[10:01:44][pdx_3dtypes.cpp:217]: Total time "male_outfit_japanese_common_01_mesh" in 20 ms
[10:01:44][pdx_3dtypes.cpp:217]: Total time "strait_fortification_tower_african_mesh" in 20 ms
[10:01:44][pdx_3dtypes.cpp:217]: Total time "male_outfit_slavic_01_low_mesh" in 20 ms
[10:01:44][pdx_3dtypes.cpp:217]: Total time "male_legwear_european_military_01_mesh" in 20 ms
[10:01:44][pdx_3dtypes.cpp:217]: Total time "male_hair_japanese_01_mesh" in 20 ms
[10:01:44][pdx_3dtypes.cpp:217]: Total time "female_coat_lakshmibai_01_mesh" in 20 ms
[10:01:44][pdx_3dtypes.cpp:217]: Total time "male_headgear_colonial_helmet_01_mesh" in 20 ms
[10:01:44][pdx_3dtypes.cpp:217]: Total time "male_mustache_european_05_mesh" in 20 ms
[10:01:44][pdx_3dtypes.cpp:217]: Total time "scaffolding_01_mesh" in 20 ms
[10:01:44][pdx_3dtypes.cpp:217]: Total time "prop_umbrella_mesh" in 20 ms
[10:01:44][pdx_3dtypes.cpp:217]: Total time "male_headgear_european_military_03_mesh" in 20 ms
[10:01:44][pdx_3dtypes.cpp:217]: Total time "female_headgear_japanese_common_02_mesh" in 20 ms
[10:01:44][pdx_3dtypes.cpp:217]: Total time "male_legwear_slavic_01_low_mesh" in 20 ms
[10:01:44][pdx_3dtypes.cpp:217]: Total time "male_legwear_slavic_01_high_mesh" in 20 ms
[10:01:44][pdx_3dtypes.cpp:217]: Total time "powerbloc_statue_hero_sittingman_mesh" in 20 ms
[10:01:44][pdx_3dtypes.cpp:217]: Total time "male_headgear_indian_royal_01_mesh" in 20 ms
[10:01:44][pdx_3dtypes.cpp:217]: Total time "male_legwear_indian_maharaja_singh_01_mesh" in 20 ms
[10:01:44][pdx_3dtypes.cpp:217]: Total time "male_outfit_siamese_royal_01_mesh" in 20 ms
[10:01:44][pdx_3dtypes.cpp:217]: Total time "male_necklace_indian_headgear_01_mesh" in 20 ms
[10:01:44][pdx_3dtypes.cpp:217]: Total time "male_headgear_japanese_jingasa_mesh" in 20 ms
[10:01:44][pdx_3dtypes.cpp:217]: Total time "male_outfit_circumpolar_01_high_mesh" in 20 ms
[10:01:44][pdx_3dtypes.cpp:217]: Total time "male_necklace_tatya_tope_mesh" in 20 ms
[10:01:44][pdx_3dtypes.cpp:217]: Total time "latin_port_shipyard_01_mesh" in 20 ms
[10:01:44][pdx_3dtypes.cpp:217]: Total time "indian_urban_residential_mid_01_mesh" in 20 ms
[10:01:44][pdx_3dtypes.cpp:217]: Total time "male_sashes_cuirass_01_mesh" in 20 ms
[10:01:44][pdx_3dtypes.cpp:217]: Total time "props_glasses_02_dracula_mesh" in 20 ms
[10:01:44][pdx_3dtypes.cpp:217]: Total time "male_headgear_japanese_common_02_mesh" in 20 ms
[10:01:44][pdx_3dtypes.cpp:217]: Total time "male_shirt_working_class_01_mesh" in 20 ms
[10:01:44][pdx_3dtypes.cpp:217]: Total time "male_hair_historical_john_maynard_keynes_mesh" in 20 ms
[10:01:44][pdx_3dtypes.cpp:217]: Total time "female_belt_shashes_04_mesh" in 20 ms
[10:01:44][pdx_3dtypes.cpp:217]: Total time "female_top_layer_native_american_01_mesh" in 20 ms
[10:01:44][pdx_3dtypes.cpp:217]: Total time "wonder_pena_palace_pre_restored_mesh" in 20 ms
[10:01:44][pdx_3dtypes.cpp:217]: Total time "female_outfit_indian_diwali_01_mesh" in 20 ms
[10:01:44][pdx_3dtypes.cpp:217]: Total time "papermap_grapes_mesh" in 20 ms
[10:01:44][pdx_3dtypes.cpp:217]: Total time "female_headgear_japanese_common_01_mesh" in 20 ms
[10:01:44][pdx_3dtypes.cpp:217]: Total time "arabic_rural_residential_poor_03_mesh" in 20 ms
[10:01:44][pdx_3dtypes.cpp:217]: Total time "male_beard_petar_ii_petrovic_njegos_mesh" in 20 ms
[10:01:44][pdx_3dtypes.cpp:217]: Total time "male_beard_henry_fane_mesh" in 20 ms
[10:01:44][pdx_3dtypes.cpp:217]: Total time "female_outfit_indian_low_01_mesh" in 20 ms
[10:01:44][pdx_3dtypes.cpp:217]: Total time "female_headgear_arabic_common_01_mesh" in 20 ms
[10:01:44][pdx_3dtypes.cpp:217]: Total time "male_coat_alexis_de_tocqueville_01_mesh" in 20 ms
[10:01:44][pdx_3dtypes.cpp:217]: Total time "male_coat_ceo_01_mesh" in 20 ms
[10:01:44][pdx_3dtypes.cpp:217]: Total time "male_prop_apron_mesh" in 20 ms
[10:01:44][pdx_3dtypes.cpp:217]: Total time "female_legwear_lakshmibai_01_mesh" in 20 ms
[10:01:44][pdx_3dtypes.cpp:217]: Total time "male_beard_european_16_mesh" in 20 ms
[10:01:44][pdx_3dtypes.cpp:217]: Total time "military_arms_machinegun_maxim_mesh" in 20 ms
[10:01:44][pdx_3dtypes.cpp:217]: Total time "male_outfit_children_royal_01_mesh" in 20 ms
[10:01:44][pdx_3dtypes.cpp:217]: Total time "male_outfit_arabic_royal_01_mesh" in 20 ms
[10:01:44][pdx_3dtypes.cpp:217]: Total time "female_necklace_power_bloc_trade_01_mesh" in 20 ms
[10:01:44][pdx_3dtypes.cpp:217]: Total time "female_outfit_working_class_01_mesh" in 20 ms
[10:01:44][pdx_3dtypes.cpp:217]: Total time "female_necklace_indian_01_mesh" in 20 ms
[10:01:44][pdx_3dtypes.cpp:217]: Total time "indian_mining_gold_01_mesh" in 20 ms
[10:01:44][pdx_3dtypes.cpp:217]: Total time "balkan_urban_residential_mid_03_mesh" in 20 ms
[10:01:44][pdx_3dtypes.cpp:217]: Total time "male_outfit_indian_tatya_tope_mesh" in 20 ms
[10:01:44][pdx_3dtypes.cpp:217]: Total time "male_belts_cossack_01_mesh" in 20 ms
[10:01:44][pdx_3dtypes.cpp:217]: Total time "male_outfit_korean_01_low_mesh" in 20 ms
[10:01:44][pdx_3dtypes.cpp:217]: Total time "male_headgear_arabic_military_01_mesh" in 20 ms
[10:01:44][pdx_3dtypes.cpp:217]: Total time "male_outfit_korean_common_01_mesh" in 20 ms
[10:01:44][pdx_3dtypes.cpp:217]: Total time "male_headgear_greek_01_mesh" in 20 ms
[10:01:44][pdx_3dtypes.cpp:217]: Total time "male_belt_generic_03_mesh" in 20 ms
[10:01:44][pdx_3dtypes.cpp:217]: Total time "female_headgear_vivandiere_01_mesh" in 20 ms
[10:01:44][pdx_3dtypes.cpp:217]: Total time "male_belts_sash_power_bloc_03_mesh" in 20 ms
[10:01:44][pdx_3dtypes.cpp:217]: Total time "male_headgear_boater_hat_01_mesh" in 19 ms
[10:01:44][pdx_3dtypes.cpp:217]: Total time "european_farm_farmhouse_02_mesh" in 19 ms
[10:01:44][pdx_3dtypes.cpp:217]: Total time "male_headgear_arabic_agitator_01_mesh" in 19 ms
[10:01:44][pdx_3dtypes.cpp:217]: Total time "arabic_factory_02_mesh" in 19 ms
[10:01:44][pdx_3dtypes.cpp:217]: Total time "male_hair_african_04_mesh" in 19 ms
[10:01:44][pdx_3dtypes.cpp:217]: Total time "male_headgear_slavic_agitator_lenin_mesh" in 19 ms
[10:01:44][pdx_3dtypes.cpp:217]: Total time "male_shirt_european_01_mesh" in 19 ms
[10:01:44][pdx_3dtypes.cpp:217]: Total time "asian_urban_residential_rich_01_mesh" in 19 ms
[10:01:44][pdx_3dtypes.cpp:217]: Total time "male_outfit_central_asian_01_high_mesh" in 19 ms
[10:01:44][pdx_3dtypes.cpp:217]: Total time "male_hair_frankenstein_01_mesh" in 19 ms
[10:01:44][pdx_3dtypes.cpp:217]: Total time "powerbloc_statue_attachment_romanhelmet_mesh" in 19 ms
[10:01:44][pdx_3dtypes.cpp:217]: Total time "male_waistcoat_european_02_mesh" in 19 ms
[10:01:44][pdx_3dtypes.cpp:217]: Total time "male_outfit_african_common_03_mesh" in 19 ms
[10:01:44][pdx_3dtypes.cpp:217]: Total time "male_beard_european_22_mesh" in 19 ms
[10:01:44][pdx_3dtypes.cpp:217]: Total time "male_coat_european_06_mesh" in 19 ms
[10:01:44][pdx_3dtypes.cpp:217]: Total time "male_prop_pipe2_02_mesh" in 19 ms
[10:01:44][pdx_3dtypes.cpp:217]: Total time "male_coat_european_10_mesh" in 19 ms
[10:01:44][pdx_3dtypes.cpp:217]: Total time "male_belts_cuirass_01_mesh" in 19 ms
[10:01:44][pdx_3dtypes.cpp:217]: Total time "male_hair_chinese_01_mesh" in 19 ms
[10:01:44][pdx_3dtypes.cpp:217]: Total time "prop_butcherknife_mesh" in 19 ms
[10:01:44][pdx_3dtypes.cpp:217]: Total time "male_beard_art_test_01_mesh" in 19 ms
[10:01:44][pdx_3dtypes.cpp:217]: Total time "male_hair_indian_01_mesh" in 19 ms
[10:01:44][pdx_3dtypes.cpp:217]: Total time "arabic_rural_residential_rich_02_mesh" in 19 ms
[10:01:44][pdx_3dtypes.cpp:217]: Total time "female_necklace_power_bloc_cape_01_mesh" in 19 ms
[10:01:44][pdx_3dtypes.cpp:217]: Total time "male_mustache_european_13_mesh" in 19 ms
[10:01:44][pdx_3dtypes.cpp:217]: Total time "male_beard_victor_emmanuel_mesh" in 19 ms
[10:01:44][pdx_3dtypes.cpp:217]: Total time "male_headgear_european_military_06_mesh" in 19 ms
[10:01:44][pdx_3dtypes.cpp:217]: Total time "wonder_chichen_itza_01_mesh" in 19 ms
[10:01:44][pdx_3dtypes.cpp:217]: Total time "male_outfit_chinese_agitator_01_mesh" in 19 ms
[10:01:44][pdx_3dtypes.cpp:217]: Total time "male_beard_indian_akbar_shah_ii_mesh" in 19 ms
[10:01:44][pdx_3dtypes.cpp:217]: Total time "latin_mininghub_centerpiece_01_mesh" in 19 ms
[10:01:44][pdx_3dtypes.cpp:217]: Total time "male_waistcoat_south_american_01_high_mesh" in 19 ms
[10:01:44][pdx_3dtypes.cpp:217]: Total time "figurehead_shield_mesh" in 19 ms
[10:01:44][pdx_3dtypes.cpp:217]: Total time "male_legwear_peasants_01_mesh" in 19 ms
[10:01:44][pdx_3dtypes.cpp:217]: Total time "female_eyelashes_mesh" in 19 ms
[10:01:44][pdx_3dtypes.cpp:217]: Total time "prop_caliper_mesh" in 19 ms
[10:01:44][pdx_3dtypes.cpp:217]: Total time "male_headgear_historical_muhammad_ali_jinnah_mesh" in 19 ms
[10:01:44][pdx_3dtypes.cpp:217]: Total time "male_sashes_indian_maharaja_singh_01_mesh" in 19 ms
[10:01:44][pdx_3dtypes.cpp:217]: Total time "balkan_port_navalbase_02_mesh" in 19 ms
[10:01:44][pdx_3dtypes.cpp:217]: Total time "male_top_layer_cuirass_01_mesh" in 19 ms
[10:01:44][pdx_3dtypes.cpp:217]: Total time "prop_wrench_mesh" in 19 ms
[10:01:44][pdx_3dtypes.cpp:217]: Total time "academic_cap_mesh" in 19 ms
[10:01:44][pdx_3dtypes.cpp:217]: Total time "indian_urban_residential_poor_04_mesh" in 19 ms
[10:01:44][pdx_3dtypes.cpp:217]: Total time "male_mustache_european_03_mesh" in 19 ms
[10:01:44][pdx_3dtypes.cpp:217]: Total time "powerbloc_statue_hero_lion_mesh" in 19 ms
[10:01:44][pdx_3dtypes.cpp:217]: Total time "female_prop_vivandiere_01_mesh" in 19 ms
[10:01:44][pdx_3dtypes.cpp:217]: Total time "arabic_urban_port_dockyard_01_mesh" in 19 ms
[10:01:44][pdx_3dtypes.cpp:217]: Total time "military_arms_flamethrower_mesh" in 19 ms
[10:01:44][pdx_3dtypes.cpp:217]: Total time "male_beard_european_13_mesh" in 19 ms
[10:01:44][pdx_3dtypes.cpp:217]: Total time "asian_rural_residential_poor_02_mesh" in 19 ms
[10:01:44][pdx_3dtypes.cpp:217]: Total time "african_rural_residential_poor_01_mesh" in 19 ms
[10:01:44][pdx_3dtypes.cpp:217]: Total time "male_shirt_greek_01_mesh" in 19 ms
[10:01:44][pdx_3dtypes.cpp:217]: Total time "male_hair_european_05_mesh" in 19 ms
[10:01:44][pdx_3dtypes.cpp:217]: Total time "male_headgear_european_cossack_01_mesh" in 19 ms
[10:01:44][pdx_3dtypes.cpp:217]: Total time "male_epaulettes_08_mesh" in 19 ms
[10:01:44][pdx_3dtypes.cpp:217]: Total time "female_headgear_arabic_middle_tier_01_mesh" in 19 ms
[10:01:44][pdx_3dtypes.cpp:217]: Total time "french_city_factory_tools_01_mesh" in 19 ms
[10:01:44][pdx_3dtypes.cpp:217]: Total time "male_outfit_slavic_01_high_mesh" in 19 ms
[10:01:44][pdx_3dtypes.cpp:217]: Total time "male_outfit_indian_common_01_mesh" in 19 ms
[10:01:44][pdx_3dtypes.cpp:217]: Total time "male_beard_european_05_mesh" in 19 ms
[10:01:44][pdx_3dtypes.cpp:217]: Total time "african_lighthouse_01_mesh" in 19 ms
[10:01:44][pdx_3dtypes.cpp:217]: Total time "generic_forestry_centerpiece_01_mesh" in 19 ms
[10:01:44][pdx_3dtypes.cpp:217]: Total time "male_waistcoat_european_01_mesh" in 19 ms
[10:01:44][pdx_3dtypes.cpp:217]: Total time "indian_urban_residential_rich_01_mesh" in 19 ms
[10:01:44][pdx_3dtypes.cpp:217]: Total time "male_aiguillettes_01_mesh" in 19 ms
[10:01:44][pdx_3dtypes.cpp:217]: Total time "european_rural_building_rich_02_mesh" in 19 ms
[10:01:44][pdx_3dtypes.cpp:217]: Total time "female_necklace_south_american_01_low_mesh" in 19 ms
[10:01:44][pdx_3dtypes.cpp:217]: Total time "female_headgear_power_blocks_earings_01_mesh" in 19 ms
[10:01:44][pdx_3dtypes.cpp:217]: Total time "male_headgear_zulu_impi_02_mesh" in 19 ms
[10:01:44][pdx_3dtypes.cpp:217]: Total time "male_legwear_japanese_common_01_mesh" in 19 ms
[10:01:44][pdx_3dtypes.cpp:217]: Total time "male_belts_sash_power_bloc_01_mesh" in 19 ms
[10:01:44][pdx_3dtypes.cpp:217]: Total time "female_necklace_polynesian_01_low_mesh" in 19 ms
[10:01:44][pdx_3dtypes.cpp:217]: Total time "male_headgear_indian_common_01_mesh" in 19 ms
[10:01:44][pdx_3dtypes.cpp:217]: Total time "male_beard_african_01_mesh" in 19 ms
[10:01:44][pdx_3dtypes.cpp:217]: Total time "european_urban_residential_poor_02_mesh" in 19 ms
[10:01:44][pdx_3dtypes.cpp:217]: Total time "female_prop_apron_mesh" in 19 ms
[10:01:44][pdx_3dtypes.cpp:217]: Total time "african_rural_residential_mid_02_mesh" in 19 ms
[10:01:44][pdx_3dtypes.cpp:217]: Total time "male_headgear_chinese_common_01_mesh" in 19 ms
[10:01:44][pdx_3dtypes.cpp:217]: Total time "male_necklace_indian_maharaja_singh_01_mesh" in 19 ms
[10:01:44][pdx_3dtypes.cpp:217]: Total time "male_mustache_art_test_01_mesh" in 19 ms
[10:01:44][pdx_3dtypes.cpp:217]: Total time "female_outfit_circumpolar_01_high_mesh" in 18 ms
[10:01:44][pdx_3dtypes.cpp:217]: Total time "female_top_layer_indian_common_01_mesh" in 18 ms
[10:01:44][pdx_3dtypes.cpp:217]: Total time "balkan_rural_residential_rich_03_mesh" in 18 ms
[10:01:44][pdx_3dtypes.cpp:217]: Total time "powerbloc_statue_attachment_academyhat_mesh" in 18 ms
[10:01:44][pdx_3dtypes.cpp:217]: Total time "powerbloc_supportelement_picklehelmet_01_mesh" in 18 ms
[10:01:44][pdx_3dtypes.cpp:217]: Total time "male_beard_african_04_mesh" in 18 ms
[10:01:44][pdx_3dtypes.cpp:217]: Total time "male_beard_european_09_mesh" in 18 ms
[10:01:44][pdx_3dtypes.cpp:217]: Total time "female_outfit_slavic_01_mid_mesh" in 18 ms
[10:01:44][pdx_3dtypes.cpp:217]: Total time "female_outfit_african_common_02_mesh" in 18 ms
[10:01:44][pdx_3dtypes.cpp:217]: Total time "male_mustache_bal_gangadhar_tilak_mesh" in 18 ms
[10:01:44][pdx_3dtypes.cpp:217]: Total time "male_headgear_european_military_02_mesh" in 18 ms
[10:01:44][pdx_3dtypes.cpp:217]: Total time "male_mustache_indian_pratap_singh_mesh" in 18 ms
[10:01:44][pdx_3dtypes.cpp:217]: Total time "asian_colonial_manufactory_01_mesh" in 18 ms
[10:01:44][pdx_3dtypes.cpp:217]: Total time "male_legwear_zulu_impi_01_mesh" in 18 ms
[10:01:44][pdx_3dtypes.cpp:217]: Total time "african_manufactory_01_mesh" in 18 ms
[10:01:44][pdx_3dtypes.cpp:217]: Total time "male_headgear_japanese_eboshi_01_mesh" in 18 ms
[10:01:44][pdx_3dtypes.cpp:217]: Total time "male_eyelashes_mesh" in 18 ms
[10:01:44][pdx_3dtypes.cpp:217]: Total time "male_headgear_european_military_01_grey_mesh" in 18 ms
[10:01:44][pdx_3dtypes.cpp:217]: Total time "train_locomotive_ouest_01_mesh" in 18 ms
[10:01:44][pdx_3dtypes.cpp:217]: Total time "male_coat_russian_military_01_mesh" in 18 ms
[10:01:44][pdx_3dtypes.cpp:217]: Total time "male_sash_army_bedroll_02_mesh" in 18 ms
[10:01:44][pdx_3dtypes.cpp:217]: Total time "female_outfit_korean_low_01_mesh" in 18 ms
[10:01:44][pdx_3dtypes.cpp:217]: Total time "male_headgear_european_gb_01_mesh" in 18 ms
[10:01:44][pdx_3dtypes.cpp:217]: Total time "male_mustache_european_07_mesh" in 18 ms
[10:01:44][pdx_3dtypes.cpp:217]: Total time "male_outfit_arabic_common_03_mesh" in 18 ms
[10:01:44][pdx_3dtypes.cpp:217]: Total time "male_outfit_circumpolar_01_low_mesh" in 18 ms
[10:01:44][pdx_3dtypes.cpp:217]: Total time "latin_colonial_manufactory_02_mesh" in 18 ms
[10:01:44][pdx_3dtypes.cpp:217]: Total time "male_coat_rayadillo_uniform_mesh" in 18 ms
[10:01:44][pdx_3dtypes.cpp:217]: Total time "male_headgear_serbian_01_mesh" in 18 ms
[10:01:44][pdx_3dtypes.cpp:217]: Total time "female_headgear_arabic_common_03_mesh" in 18 ms
[10:01:44][pdx_3dtypes.cpp:217]: Total time "male_beard_arabic_02_mesh" in 18 ms
[10:01:44][pdx_3dtypes.cpp:217]: Total time "powerbloc_statue_hero_guardian_mesh" in 18 ms
[10:01:44][pdx_3dtypes.cpp:217]: Total time "male_mustache_european_08_mesh" in 18 ms
[10:01:44][pdx_3dtypes.cpp:217]: Total time "female_coat_european_military_01_mesh" in 18 ms
[10:01:44][pdx_3dtypes.cpp:217]: Total time "male_headgear_petar_ii_petrovic_njegos_mesh" in 18 ms
[10:01:44][pdx_3dtypes.cpp:217]: Total time "papermap_netturpetti_mesh" in 18 ms
[10:01:44][pdx_3dtypes.cpp:217]: Total time "papermap_yali_01_mesh" in 18 ms
[10:01:44][pdx_3dtypes.cpp:217]: Total time "powerbloc_statue_hero_angel_mesh" in 18 ms
[10:01:44][pdx_3dtypes.cpp:217]: Total time "train_locomotive_saxonia_01_mesh" in 18 ms
[10:01:44][pdx_3dtypes.cpp:217]: Total time "prop_crudehoe_mesh" in 18 ms
[10:01:44][pdx_3dtypes.cpp:217]: Total time "male_epaulettes_01_mesh" in 18 ms
[10:01:44][pdx_3dtypes.cpp:217]: Total time "male_belt_suspenders_01_mesh" in 18 ms
[10:01:44][pdx_3dtypes.cpp:217]: Total time "indian_farm_rice_01_mesh" in 18 ms
[10:01:44][pdx_3dtypes.cpp:217]: Total time "male_mustache_asian_03_mesh" in 18 ms
[10:01:44][pdx_3dtypes.cpp:217]: Total time "male_mustache_european_04_mesh" in 18 ms
[10:01:44][pdx_3dtypes.cpp:217]: Total time "male_top_layer_ethiopian_royal_01_mesh" in 18 ms
[10:01:44][pdx_3dtypes.cpp:217]: Total time "latin_rural_residential_poor_03_mesh" in 18 ms
[10:01:44][pdx_3dtypes.cpp:217]: Total time "bellbuoy_01_mesh" in 18 ms
[10:01:44][pdx_3dtypes.cpp:217]: Total time "african_farm_scatter_01_mesh" in 18 ms
[10:01:44][pdx_3dtypes.cpp:217]: Total time "female_necklace_power_bloc_military_01_mesh" in 18 ms
[10:01:44][pdx_3dtypes.cpp:217]: Total time "powerbloc_statue_hero_runningman_mesh" in 18 ms
[10:01:44][pdx_3dtypes.cpp:217]: Total time "arabic_rural_residential_mid_02_mesh" in 18 ms
[10:01:44][pdx_3dtypes.cpp:217]: Total time "male_coat_historical_john_brown_01_mesh" in 18 ms
[10:01:44][pdx_3dtypes.cpp:217]: Total time "male_belts_gandhi_watch_01_mesh" in 18 ms
[10:01:44][pdx_3dtypes.cpp:217]: Total time "male_mustache_indian_01_mesh" in 18 ms
[10:01:44][pdx_3dtypes.cpp:217]: Total time "female_necklace_power_bloc_religious_01_mesh" in 18 ms
[10:01:44][pdx_3dtypes.cpp:217]: Total time "male_sash_slavic_agitator_01_mesh" in 18 ms
[10:01:44][pdx_3dtypes.cpp:217]: Total time "female_headgear_arabic_low_tier_01_mesh" in 18 ms
[10:01:44][pdx_3dtypes.cpp:217]: Total time "powerbloc_statue_hero_khmer_mesh" in 18 ms
[10:01:44][pdx_3dtypes.cpp:217]: Total time "powerbloc_statue_hero_elephant_mesh" in 18 ms
[10:01:44][pdx_3dtypes.cpp:217]: Total time "indian_rural_residential_poor_02_mesh" in 18 ms
[10:01:44][pdx_3dtypes.cpp:217]: Total time "male_outfit_polynesian_01_low_mesh" in 18 ms
[10:01:44][pdx_3dtypes.cpp:217]: Total time "male_headgear_european_common_03_mesh" in 18 ms
[10:01:44][pdx_3dtypes.cpp:217]: Total time "male_mustache_african_01_mesh" in 18 ms
[10:01:44][pdx_3dtypes.cpp:217]: Total time "grid_mesh" in 18 ms
[10:01:44][pdx_3dtypes.cpp:217]: Total time "prop_japanese_gunbai_mesh" in 18 ms
[10:01:44][pdx_3dtypes.cpp:217]: Total time "male_outfit_central_asian_01_low_mesh" in 18 ms
[10:01:44][pdx_3dtypes.cpp:217]: Total time "male_sash_european_02_mesh" in 17 ms
[10:01:44][pdx_3dtypes.cpp:217]: Total time "female_outfit_polynesian_01_low_mesh" in 17 ms
[10:01:44][pdx_3dtypes.cpp:217]: Total time "male_prop_cigar_02_mesh" in 17 ms
[10:01:44][pdx_3dtypes.cpp:217]: Total time "male_legwear_austrian_01_mesh" in 17 ms
[10:01:44][pdx_3dtypes.cpp:217]: Total time "male_headgear_ghandi_topi_01_mesh" in 17 ms
[10:01:44][pdx_3dtypes.cpp:217]: Total time "powerbloc_supportelement_banner_01_mesh" in 17 ms
[10:01:44][pdx_3dtypes.cpp:217]: Total time "male_necklace_power_bloc_religious_01_mesh" in 17 ms
[10:01:44][pdx_3dtypes.cpp:217]: Total time "male_beard_indian_03_mesh" in 17 ms
[10:01:44][pdx_3dtypes.cpp:217]: Total time "male_necklace_historical_dracula_mesh" in 17 ms
[10:01:44][pdx_3dtypes.cpp:217]: Total time "papermap_walthamwatch_mesh" in 17 ms
[10:01:44][pdx_3dtypes.cpp:217]: Total time "papermap_indian_knife_mesh" in 17 ms
[10:01:44][pdx_3dtypes.cpp:217]: Total time "indian_rural_residential_rich_02_mesh" in 17 ms
[10:01:44][pdx_3dtypes.cpp:217]: Total time "male_mustache_african_02_mesh" in 17 ms
[10:01:44][pdx_3dtypes.cpp:217]: Total time "male_outfit_african_common_01_mesh" in 17 ms
[10:01:44][pdx_3dtypes.cpp:217]: Total time "male_glasses_mesh" in 17 ms
[10:01:44][pdx_3dtypes.cpp:217]: Total time "european_train_passenger_wagon_03_mesh" in 17 ms
[10:01:44][pdx_3dtypes.cpp:217]: Total time "balkan_rural_residential_poor_01_mesh" in 17 ms
[10:01:44][pdx_3dtypes.cpp:217]: Total time "indian_forestry_loggingcamp_01_mesh" in 17 ms
[10:01:44][pdx_3dtypes.cpp:217]: Total time "male_epaulettes_cossack_01_mesh" in 17 ms
[10:01:44][pdx_3dtypes.cpp:217]: Total time "latin_forestry_loggingcamp_01_mesh" in 17 ms
[10:01:44][pdx_3dtypes.cpp:217]: Total time "powerbloc_statue_hero_wavingman_mesh" in 17 ms
[10:01:44][pdx_3dtypes.cpp:217]: Total time "prop_ledger_mesh" in 17 ms
[10:01:44][pdx_3dtypes.cpp:217]: Total time "powerbloc_statue_hero_sun_mesh" in 17 ms
[10:01:44][pdx_3dtypes.cpp:217]: Total time "papermap_table_top_ip3_mesh" in 17 ms
[10:01:44][pdx_3dtypes.cpp:217]: Total time "male_mustache_arabic_01_mesh" in 17 ms
[10:01:44][pdx_3dtypes.cpp:217]: Total time "prop_swaddled_baby_01_mesh" in 17 ms
[10:01:44][pdx_3dtypes.cpp:217]: Total time "male_necklace_persian_royal_jewelry_mesh" in 17 ms
[10:01:44][pdx_3dtypes.cpp:217]: Total time "generic_forestry_transportation_03_mesh" in 17 ms
[10:01:44][pdx_3dtypes.cpp:217]: Total time "prop_shovel_mesh" in 17 ms
[10:01:44][pdx_3dtypes.cpp:217]: Total time "powerbloc_statue_hero_globe_mesh" in 17 ms
[10:01:44][pdx_3dtypes.cpp:217]: Total time "male_beard_european_02_mesh" in 17 ms
[10:01:44][pdx_3dtypes.cpp:217]: Total time "zeppelin_02_alt01_mesh" in 17 ms
[10:01:44][pdx_3dtypes.cpp:217]: Total time "male_mustache_european_01_mesh" in 17 ms
[10:01:44][pdx_3dtypes.cpp:217]: Total time "balkan_rural_residential_mid_01_mesh" in 17 ms
[10:01:44][pdx_3dtypes.cpp:217]: Total time "male_outfit_african_common_02_mesh" in 17 ms
[10:01:44][pdx_3dtypes.cpp:217]: Total time "french_logisticscenter_01_mesh" in 17 ms
[10:01:44][pdx_3dtypes.cpp:217]: Total time "male_beard_asian_01_mesh" in 17 ms
[10:01:44][pdx_3dtypes.cpp:217]: Total time "generic_logisticscenter_01_mesh" in 17 ms
[10:01:44][pdx_3dtypes.cpp:217]: Total time "female_outfit_peasant_common_01_mesh" in 17 ms
[10:01:44][pdx_3dtypes.cpp:217]: Total time "train_cargo_log_02_mesh" in 16 ms
[10:01:44][pdx_3dtypes.cpp:217]: Total time "male_civilian_coat_european_01_mesh" in 16 ms
[10:01:44][pdx_3dtypes.cpp:217]: Total time "male_mustache_indian_02_mesh" in 16 ms
[10:01:44][pdx_3dtypes.cpp:217]: Total time "male_outfit_arabic_common_01_mesh" in 16 ms
[10:01:44][pdx_3dtypes.cpp:217]: Total time "male_medals_generic_01_ip4_02_mesh" in 16 ms
[10:01:44][pdx_3dtypes.cpp:217]: Total time "male_coat_indian_01_mesh" in 16 ms
[10:01:44][pdx_3dtypes.cpp:217]: Total time "train_locomotive_cherepanov_01_mesh" in 16 ms
[10:01:44][pdx_3dtypes.cpp:217]: Total time "male_headgear_japanese_common_03_mesh" in 16 ms
[10:01:44][pdx_3dtypes.cpp:217]: Total time "male_hair_european_06_mesh" in 16 ms
[10:01:44][pdx_3dtypes.cpp:217]: Total time "african_urban_city_residential_poor_01_mesh" in 16 ms
[10:01:44][pdx_3dtypes.cpp:217]: Total time "male_epaulettes_military_01_mesh" in 16 ms
[10:01:44][pdx_3dtypes.cpp:217]: Total time "balkan_urban_residential_poor_03_mesh" in 16 ms
[10:01:44][pdx_3dtypes.cpp:217]: Total time "prop_pitchfork_mesh" in 16 ms
[10:01:44][pdx_3dtypes.cpp:217]: Total time "train_locomotive_planet_01_mesh" in 16 ms
[10:01:44][pdx_3dtypes.cpp:217]: Total time "papermap_table_bottom_mesh" in 16 ms
[10:01:44][pdx_3dtypes.cpp:217]: Total time "male_mustache_asian_04_mesh" in 16 ms
[10:01:44][pdx_3dtypes.cpp:217]: Total time "male_belt_arabic_royal_01_mesh" in 16 ms
[10:01:44][pdx_3dtypes.cpp:217]: Total time "prop_walkingcane_mesh" in 16 ms
[10:01:44][pdx_3dtypes.cpp:217]: Total time "male_belt_military_01_mesh" in 16 ms
[10:01:44][pdx_3dtypes.cpp:217]: Total time "male_hair_european_04_cap1_mesh" in 16 ms
[10:01:44][pdx_3dtypes.cpp:217]: Total time "european_train_locomotive_05_mesh" in 16 ms
[10:01:44][pdx_3dtypes.cpp:217]: Total time "portuguesesardines_mesh" in 16 ms
[10:01:44][pdx_3dtypes.cpp:217]: Total time "male_mustache_john_maynard_keynes_mesh" in 16 ms
[10:01:44][pdx_3dtypes.cpp:217]: Total time "european_train_locomotive_03_mesh" in 16 ms
[10:01:44][pdx_3dtypes.cpp:217]: Total time "generic_mining_sulfur_01_mesh" in 16 ms
[10:01:44][pdx_3dtypes.cpp:217]: Total time "balkan_mining_gold_01_mesh" in 16 ms
[10:01:44][pdx_3dtypes.cpp:217]: Total time "indian_urban_residential_poor_02_mesh" in 16 ms
[10:01:44][pdx_3dtypes.cpp:217]: Total time "male_hair_historical_friedrich_engels_mesh" in 16 ms
[10:01:44][pdx_3dtypes.cpp:217]: Total time "powerbloc_statue_hero_obeliskegypt_mesh" in 16 ms
[10:01:44][pdx_3dtypes.cpp:217]: Total time "european_province_farm_01_nobillborads_mesh" in 16 ms
[10:01:44][pdx_3dtypes.cpp:217]: Total time "balkan_rural_residential_rich_02_mesh" in 16 ms
[10:01:44][pdx_3dtypes.cpp:217]: Total time "european_train_locomotive_02_mesh" in 16 ms
[10:01:44][pdx_3dtypes.cpp:217]: Total time "balkan_logisticscenter_01_mesh" in 16 ms
[10:01:44][pdx_3dtypes.cpp:217]: Total time "train_locomotive_sudbahn_01_mesh" in 16 ms
[10:01:44][pdx_3dtypes.cpp:217]: Total time "latin_urban_city_residential_poor_03_mesh" in 16 ms
[10:01:44][pdx_3dtypes.cpp:217]: Total time "french_rural_residential_rich_03_mesh" in 16 ms
[10:01:44][pdx_3dtypes.cpp:217]: Total time "prop_japanese_shibuuchiwa_mesh" in 16 ms
[10:01:44][pdx_3dtypes.cpp:217]: Total time "male_epaulettes_03_mesh" in 15 ms
[10:01:44][pdx_3dtypes.cpp:217]: Total time "papermap_table_bottom_ip2_mesh" in 15 ms
[10:01:44][pdx_3dtypes.cpp:217]: Total time "male_mustache_asian_01_mesh" in 15 ms
[10:01:44][pdx_3dtypes.cpp:217]: Total time "balkan_forestry_centerpiece_01_mesh" in 15 ms
[10:01:44][pdx_3dtypes.cpp:217]: Total time "balkan_forestry_transportation_03_mesh" in 15 ms
[10:01:44][pdx_3dtypes.cpp:217]: Total time "papermap_indian_hairbrooch_mesh" in 15 ms
[10:01:44][pdx_3dtypes.cpp:217]: Total time "african_urban_city_residential_rich_03_mesh" in 15 ms
[10:01:44][pdx_3dtypes.cpp:217]: Total time "balkan_city_skyscraper_01_mesh" in 15 ms
[10:01:44][pdx_3dtypes.cpp:217]: Total time "french_city_factory_construction_01_mesh" in 15 ms
[10:01:44][pdx_3dtypes.cpp:217]: Total time "generic_mining_centerpiece_01_mesh" in 15 ms
[10:01:44][pdx_3dtypes.cpp:217]: Total time "balkan_urban_residential_poor_02_mesh" in 15 ms
[10:01:44][pdx_3dtypes.cpp:217]: Total time "arabic_factory_furniture_01_mesh" in 15 ms
[10:01:44][pdx_3dtypes.cpp:217]: Total time "indian_factory_munition_01_mesh" in 15 ms
[10:01:44][pdx_3dtypes.cpp:217]: Total time "european_train_locomotive_04_mesh" in 15 ms
[10:01:44][pdx_3dtypes.cpp:217]: Total time "tree_cypress_mediterranean_02_mesh" in 15 ms
[10:01:44][pdx_3dtypes.cpp:217]: Total time "powerbloc_statue_hero_gazelle_mesh" in 15 ms
[10:01:44][pdx_3dtypes.cpp:217]: Total time "male_prop_straw_hat_mesh" in 15 ms
[10:01:44][pdx_3dtypes.cpp:217]: Total time "philippines_carabaomango_mesh" in 15 ms
[10:01:44][pdx_3dtypes.cpp:217]: Total time "male_prop_pipe1_02_mesh" in 14 ms
[10:01:44][pdx_3dtypes.cpp:217]: Total time "train_locomotive_gnrstirling_01_mesh" in 14 ms
[10:01:44][pdx_3dtypes.cpp:217]: Total time "indian_rural_residential_mid_02_mesh" in 14 ms
[10:01:44][pdx_3dtypes.cpp:217]: Total time "papermap_extension_bottom_mesh" in 14 ms
[10:01:44][pdx_3dtypes.cpp:217]: Total time "color_reference_mesh" in 14 ms
[10:01:44][pdx_3dtypes.cpp:217]: Total time "asian_urban_residential_poor_03_mesh" in 14 ms
[10:01:44][pdx_3dtypes.cpp:217]: Total time "colonial_manufactory_01_mesh" in 14 ms
[10:01:44][pdx_3dtypes.cpp:217]: Total time "generic_factory_tech_01_mesh" in 14 ms
[10:01:44][pdx_3dtypes.cpp:217]: Total time "train_cargo_iron_03_mesh" in 14 ms
[10:01:44][pdx_3dtypes.cpp:217]: Total time "papermap_french_coin_mesh" in 14 ms
[10:01:44][pdx_3dtypes.cpp:217]: Total time "french_city_factory_furniture_01_mesh" in 14 ms
[10:01:44][pdx_3dtypes.cpp:217]: Total time "european_urban_residential_rich_03_mesh" in 14 ms
[10:01:44][pdx_3dtypes.cpp:217]: Total time "latin_urban_city_residential_poor_01_mesh" in 14 ms
[10:01:44][pdx_3dtypes.cpp:217]: Total time "figurehead_poseidon_mesh" in 14 ms
[10:01:44][pdx_3dtypes.cpp:217]: Total time "male_headgear_late_military_cap_japanese_soldier_straps_mesh" in 14 ms
[10:01:44][pdx_3dtypes.cpp:217]: Total time "french_rural_residential_poor_02_mesh" in 14 ms
[10:01:44][pdx_3dtypes.cpp:217]: Total time "train_cargo_steel_01_mesh" in 14 ms
[10:01:44][pdx_3dtypes.cpp:217]: Total time "asian_mining_centerpiece_01_mesh" in 14 ms
[10:01:44][pdx_3dtypes.cpp:217]: Total time "male_coat_european_military_01_pocketless_mesh" in 14 ms
[10:01:44][pdx_3dtypes.cpp:217]: Total time "generic_forestry_centerpiece_03_mesh" in 14 ms
[10:01:44][pdx_3dtypes.cpp:217]: Total time "train_locomotive_crampton_01_mesh" in 13 ms
[10:01:44][pdx_3dtypes.cpp:217]: Total time "debug_height_object_mesh" in 13 ms
[10:01:44][pdx_3dtypes.cpp:217]: Total time "asian_rural_residential_rich_03_mesh" in 13 ms
[10:01:44][pdx_3dtypes.cpp:217]: Total time "generic_mining_iron_01_mesh" in 13 ms
[10:01:44][pdx_3dtypes.cpp:217]: Total time "balkan_city_companyhq_01_mesh" in 13 ms
[10:01:44][pdx_3dtypes.cpp:217]: Total time "papermap_extension_top_ep1_mesh" in 13 ms
[10:01:44][pdx_3dtypes.cpp:217]: Total time "military_barricade_mechanized_01_mesh" in 13 ms
[10:01:44][pdx_3dtypes.cpp:217]: Total time "indian_rural_residential_poor_01_mesh" in 13 ms
[10:01:44][pdx_3dtypes.cpp:217]: Total time "indian_mining_sulfur_01_mesh" in 13 ms
[10:01:44][pdx_3dtypes.cpp:217]: Total time "papermap_hongshanstatue_mesh" in 13 ms
[10:01:44][pdx_3dtypes.cpp:217]: Total time "papermap_extension_top_mesh" in 13 ms
[10:01:44][pdx_3dtypes.cpp:217]: Total time "papermap_extension_bottom_votp_mesh" in 13 ms
[10:01:44][pdx_3dtypes.cpp:217]: Total time "french_city_factory_food_01_mesh" in 13 ms
[10:01:44][pdx_3dtypes.cpp:217]: Total time "balkan_port_docks_02_mesh" in 13 ms
[10:01:44][pdx_3dtypes.cpp:217]: Total time "balkan_port_navalbase_01_mesh" in 13 ms
[10:01:44][pdx_3dtypes.cpp:217]: Total time "latin_tools_manufactory_01_mesh" in 13 ms
[10:01:44][pdx_3dtypes.cpp:217]: Total time "papermap_extension_bottom_newsletter_bonus_mesh" in 12 ms
[10:01:44][pdx_3dtypes.cpp:217]: Total time "arabic_forestry_scatter_02_mesh" in 12 ms
[10:01:44][pdx_3dtypes.cpp:217]: Total time "balkan_forestry_centerpiece_02_mesh" in 12 ms
[10:01:44][pdx_3dtypes.cpp:217]: Total time "indian_mining_coal_01_mesh" in 12 ms
[10:01:44][pdx_3dtypes.cpp:217]: Total time "papermap_napoleonic_medal_mesh" in 12 ms
[10:01:44][pdx_3dtypes.cpp:217]: Total time "indian_mining_lead_01_mesh" in 12 ms
[10:01:44][pdx_3dtypes.cpp:217]: Total time "papermap_table_bottom_votp_mesh" in 12 ms
[10:01:44][pdx_3dtypes.cpp:217]: Total time "papermap_revolutionary_cockade_mesh" in 12 ms
[10:01:44][pdx_3dtypes.cpp:217]: Total time "papermap_extension_top_votp_mesh" in 12 ms
[10:01:44][pdx_3dtypes.cpp:217]: Total time "generic_rural_mining_processing_sandstone_01_mesh" in 12 ms
[10:01:44][pdx_3dtypes.cpp:217]: Total time "papermap_extension_bottom_ep1_mesh" in 12 ms
[10:01:44][pdx_3dtypes.cpp:217]: Total time "balkan_factory_chemical_01_mesh" in 12 ms
[10:01:44][pdx_3dtypes.cpp:217]: Total time "balkan_factory_textilemill_01_mesh" in 12 ms
[10:01:44][pdx_3dtypes.cpp:217]: Total time "arabic_factory_03_mesh" in 12 ms
[10:01:44][pdx_3dtypes.cpp:217]: Total time "male_beard_european_04_mesh" in 12 ms
[10:01:44][pdx_3dtypes.cpp:217]: Total time "male_shirt_greek_01_bs_thick_mesh" in 12 ms
[10:01:44][pdx_3dtypes.cpp:217]: Total time "european_urban_residential_poor_03_mesh" in 12 ms
[10:01:44][pdx_3dtypes.cpp:217]: Total time "generic_forestry_trees_02_mesh" in 12 ms
[10:01:44][pdx_3dtypes.cpp:217]: Total time "male_headgear_european_military_01_mesh" in 12 ms
[10:01:44][pdx_3dtypes.cpp:217]: Total time "indian_city_centerpiece_mesh" in 12 ms
[10:01:44][pdx_3dtypes.cpp:217]: Total time "train_cargo_log_01_mesh" in 11 ms
[10:01:44][pdx_3dtypes.cpp:217]: Total time "african_forestry_centerpiece_01_mesh" in 11 ms
[10:01:44][pdx_3dtypes.cpp:217]: Total time "dlc_coin_ep1_mesh" in 11 ms
[10:01:44][pdx_3dtypes.cpp:217]: Total time "arabic_factory_colonial_03_mesh" in 11 ms
[10:01:44][pdx_3dtypes.cpp:217]: Total time "military_barricade_skirmish_01_mesh" in 11 ms
[10:01:44][pdx_3dtypes.cpp:217]: Total time "military_barricade_line_01_mesh" in 11 ms
[10:01:44][pdx_3dtypes.cpp:217]: Total time "md_jap_coat_japanese_navy_mesh" in 11 ms
[10:01:44][pdx_3dtypes.cpp:217]: Total time "asian_forestry_centerpiece_01_mesh" in 11 ms
[10:01:44][pdx_3dtypes.cpp:217]: Total time "military_barricade_trench_01_mesh" in 11 ms
[10:01:44][pdx_3dtypes.cpp:217]: Total time "papermap_tainostatue_mesh" in 11 ms
[10:01:44][pdx_3dtypes.cpp:217]: Total time "generic_factory_furniture_01_mesh" in 11 ms
[10:01:44][pdx_3dtypes.cpp:217]: Total time "african_mininghub_centerpiece_01_mesh" in 11 ms
[10:01:44][pdx_3dtypes.cpp:217]: Total time "wonder_wallofchina_04_mesh" in 11 ms
[10:01:44][pdx_3dtypes.cpp:217]: Total time "balkan_port_shipyard_02_mesh" in 11 ms
[10:01:44][pdx_3dtypes.cpp:217]: Total time "canal_suezcanal_01_mesh" in 11 ms
[10:01:44][pdx_3dtypes.cpp:217]: Total time "train_locomotive_johnbulltender_01_mesh" in 10 ms
[10:01:44][pdx_3dtypes.cpp:217]: Total time "military_barricade_irregular_01_mesh" in 10 ms
[10:01:44][pdx_3dtypes.cpp:217]: Total time "generic_factory_food_01_mesh" in 10 ms
[10:01:44][pdx_3dtypes.cpp:217]: Total time "train_cargo_sulfur_03_mesh" in 10 ms
[10:01:44][pdx_3dtypes.cpp:217]: Total time "whale_mesh" in 10 ms
[10:01:44][pdx_3dtypes.cpp:217]: Total time "indian_factory_textilemill_01_mesh" in 10 ms
[10:01:44][pdx_3dtypes.cpp:217]: Total time "troopship_base_mesh" in 10 ms
[10:01:44][pdx_3dtypes.cpp:217]: Total time "balkan_city_regionalcompanyhq_01_mesh" in 10 ms
[10:01:44][pdx_3dtypes.cpp:217]: Total time "generic_mining_coal_01_mesh" in 10 ms
[10:01:44][pdx_3dtypes.cpp:217]: Total time "test_object_mesh" in 10 ms
[10:01:44][pdx_3dtypes.cpp:217]: Total time "generic_factory_powerplant_01_mesh" in 10 ms
[10:01:44][pdx_3dtypes.cpp:217]: Total time "indian_mining_iron_01_mesh" in 10 ms
[10:01:44][pdx_3dtypes.cpp:217]: Total time "european_urban_residential_rich_01_mesh" in 10 ms
[10:01:44][pdx_3dtypes.cpp:217]: Total time "wonder_wallofchinaend_01_mesh" in 10 ms
[10:01:44][pdx_3dtypes.cpp:217]: Total time "papermap_extension_bottom_ap1_mesh" in 10 ms
[10:01:44][pdx_3dtypes.cpp:217]: Total time "generic_manufactory_03_mesh" in 10 ms
[10:01:44][pdx_3dtypes.cpp:217]: Total time "balkan_port_fishingwharf_01_mesh" in 10 ms
[10:01:44][pdx_3dtypes.cpp:217]: Total time "ip4_coin_mesh" in 10 ms
[10:01:44][pdx_3dtypes.cpp:217]: Total time "latin_manufactory_02_mesh" in 10 ms
[10:01:44][pdx_3dtypes.cpp:217]: Total time "papermap_extension_top_ap1_mesh" in 10 ms
[10:01:44][pdx_3dtypes.cpp:217]: Total time "male_headgear_chinese_common_02_mesh" in 10 ms
[10:01:44][pdx_3dtypes.cpp:217]: Total time "military_transport_railroad_artillery_shrapnel_generic_mesh" in 10 ms
[10:01:44][pdx_3dtypes.cpp:217]: Total time "military_barricade_squad_01_mesh" in 10 ms
[10:01:44][pdx_3dtypes.cpp:217]: Total time "horses_ap1_mesh" in 10 ms
[10:01:44][pdx_3dtypes.cpp:217]: Total time "asian_urban_residential_mid_03_mesh" in 10 ms
[10:01:44][pdx_3dtypes.cpp:217]: Total time "canal_panamacanal_under_construction_01_mesh" in 10 ms
[10:01:44][pdx_3dtypes.cpp:217]: Total time "african_urban_city_residential_rich_02_mesh" in 10 ms
[10:01:44][pdx_3dtypes.cpp:217]: Total time "train_locomotive_jupitertender_01_mesh" in 9 ms
[10:01:44][pdx_3dtypes.cpp:217]: Total time "train_cargo_coal_02_mesh" in 9 ms
[10:01:44][pdx_3dtypes.cpp:217]: Total time "european_port_01_3s_0d_0f_mesh" in 9 ms
[10:01:44][pdx_3dtypes.cpp:217]: Total time "papermap_cloth_ip2_mesh" in 9 ms
[10:01:44][pdx_3dtypes.cpp:217]: Total time "railroad_bridge_02_large_mesh" in 9 ms
[10:01:44][pdx_3dtypes.cpp:217]: Total time "asian_manufactory_02_mesh" in 9 ms
[10:01:44][pdx_3dtypes.cpp:217]: Total time "railroad_bridge_01_medium_mesh" in 9 ms
[10:01:44][pdx_3dtypes.cpp:217]: Total time "balkan_mining_centerpiece_01_mesh" in 9 ms
[10:01:44][pdx_3dtypes.cpp:217]: Total time "papermap_extension_top_ip2_mesh" in 9 ms
[10:01:44][pdx_3dtypes.cpp:217]: Total time "bird_vulture_01_mesh" in 9 ms
[10:01:44][pdx_3dtypes.cpp:217]: Total time "balkan_port_militaryshipyard_01_mesh" in 9 ms
[10:01:44][pdx_3dtypes.cpp:217]: Total time "frigate_broadside_03_mesh" in 9 ms
[10:01:44][pdx_3dtypes.cpp:217]: Total time "generic_regionalcompanyhq_01_mesh" in 9 ms
[10:01:44][pdx_3dtypes.cpp:217]: Total time "european_train_passenger_wagon_01_mesh" in 9 ms
[10:01:44][pdx_3dtypes.cpp:217]: Total time "papermap_table_top_ip4_mesh" in 9 ms
[10:01:44][pdx_3dtypes.cpp:217]: Total time "papermap_extension_top_newsletter_bonus_mesh" in 9 ms
[10:01:44][pdx_3dtypes.cpp:217]: Total time "european_rural_building_poor_01_mesh" in 9 ms
[10:01:44][pdx_3dtypes.cpp:217]: Total time "tools_manufactory_01_mesh" in 9 ms
[10:01:44][pdx_3dtypes.cpp:217]: Total time "european_port_01_1s_0d_2f_mesh" in 9 ms
[10:01:44][pdx_3dtypes.cpp:217]: Total time "balkan_forestry_transportation_02_mesh" in 9 ms
[10:01:44][pdx_3dtypes.cpp:217]: Total time "generic_forestry_transportation_01_mesh" in 9 ms
[10:01:44][pdx_3dtypes.cpp:217]: Total time "bird_eagle_01_mesh" in 9 ms
[10:01:44][pdx_3dtypes.cpp:217]: Total time "male_sash_army_bedroll_01_mesh" in 9 ms
[10:01:44][pdx_3dtypes.cpp:217]: Total time "french_mining_quarry_02_mesh" in 9 ms
[10:01:44][pdx_3dtypes.cpp:217]: Total time "european_train_passenger_wagon_02_mesh" in 9 ms
[10:01:44][pdx_3dtypes.cpp:217]: Total time "eagle_01_frame_mesh" in 9 ms
[10:01:44][pdx_3dtypes.cpp:217]: Total time "indian_port_fishingwharf_01_mesh" in 9 ms
[10:01:44][pdx_3dtypes.cpp:217]: Total time "generic_companyhq_01_mesh" in 9 ms
[10:01:44][pdx_3dtypes.cpp:217]: Total time "wonder_manilacathedral_01_mesh" in 9 ms
[10:01:44][pdx_3dtypes.cpp:217]: Total time "generic_factory_steel_01_mesh" in 9 ms
[10:01:44][pdx_3dtypes.cpp:217]: Total time "french_port_fishingwharf_01_mesh" in 9 ms
[10:01:44][pdx_3dtypes.cpp:217]: Total time "train_cargo_hardwood_03_mesh" in 9 ms
[10:01:44][pdx_3dtypes.cpp:217]: Total time "generic_forestry_transportation_02_mesh" in 9 ms
[10:01:44][pdx_3dtypes.cpp:217]: Total time "dlc_coin_ip2_mesh" in 9 ms
[10:01:44][pdx_3dtypes.cpp:217]: Total time "african_forestry_loggingcamp_02_mesh" in 9 ms
[10:01:44][pdx_3dtypes.cpp:217]: Total time "generic_mining_gold_01_mesh" in 9 ms
[10:01:44][pdx_3dtypes.cpp:217]: Total time "male_mustache_historical_marx_mesh" in 9 ms
[10:01:44][pdx_3dtypes.cpp:217]: Total time "male_belt_greek_01_bs_thick_mesh" in 9 ms
[10:01:44][pdx_3dtypes.cpp:217]: Total time "arabic_farm_scatter_02_mesh" in 9 ms
[10:01:44][pdx_3dtypes.cpp:217]: Total time "ip3_coin_mesh" in 9 ms
[10:01:44][pdx_3dtypes.cpp:217]: Total time "earlyironclad_armour_medium_mesh" in 8 ms
[10:01:44][pdx_3dtypes.cpp:217]: Total time "train_cargo_coal_01_mesh" in 8 ms
[10:01:44][pdx_3dtypes.cpp:217]: Total time "papermap_extension_top_ip3_mesh" in 8 ms
[10:01:44][pdx_3dtypes.cpp:217]: Total time "european_province_farm_01_mesh" in 8 ms
[10:01:44][pdx_3dtypes.cpp:217]: Total time "testplane_mesh" in 8 ms
[10:01:44][pdx_3dtypes.cpp:217]: Total time "dirtroad_bridge_01_medium_mesh" in 8 ms
[10:01:44][pdx_3dtypes.cpp:217]: Total time "indian_regionalcompanyhq_01_mesh" in 8 ms
[10:01:44][pdx_3dtypes.cpp:217]: Total time "balkan_port_worldmarket_01_mesh" in 8 ms
[10:01:44][pdx_3dtypes.cpp:217]: Total time "papermap_extension_bottom_ip4_portugal_mesh" in 8 ms
[10:01:44][pdx_3dtypes.cpp:217]: Total time "railroad_bridge_02_medium_mesh" in 8 ms
[10:01:44][pdx_3dtypes.cpp:217]: Total time "balkan_port_militaryshipyard_02_mesh" in 8 ms
[10:01:44][pdx_3dtypes.cpp:217]: Total time "balkan_factory_powerplant_01_mesh" in 8 ms
[10:01:44][pdx_3dtypes.cpp:217]: Total time "indian_factory_steel_01_mesh" in 8 ms
[10:01:44][pdx_3dtypes.cpp:217]: Total time "train_cargo_steel_04_mesh" in 8 ms
[10:01:44][pdx_3dtypes.cpp:217]: Total time "generic_forestry_trees_01_mesh" in 8 ms
[10:01:44][pdx_3dtypes.cpp:217]: Total time "european_port_01_1s_1d_1f_mesh" in 8 ms
[10:01:44][pdx_3dtypes.cpp:217]: Total time "african_manufactory_03_mesh" in 8 ms
[10:01:44][pdx_3dtypes.cpp:217]: Total time "revolution_flag_mesh" in 8 ms
[10:01:44][pdx_3dtypes.cpp:217]: Total time "indian_port_centerpiece_01_mesh" in 8 ms
[10:01:44][pdx_3dtypes.cpp:217]: Total time "railroad_bridge_01_small_mesh" in 8 ms
[10:01:44][pdx_3dtypes.cpp:217]: Total time "male_headgear_arabic_landowners_01_mesh" in 8 ms
[10:01:44][pdx_3dtypes.cpp:217]: Total time "dirtroad_bridge_01_large_mesh" in 8 ms
[10:01:44][pdx_3dtypes.cpp:217]: Total time "dlc_coin_rp1_mesh" in 8 ms
[10:01:44][pdx_3dtypes.cpp:217]: Total time "indian_factory_tech_01_mesh" in 8 ms
[10:01:44][pdx_3dtypes.cpp:217]: Total time "asian_urban_port_shipyard_01_mesh" in 8 ms
[10:01:44][pdx_3dtypes.cpp:217]: Total time "balkan_factory_warmachine_01_mesh" in 8 ms
[10:01:44][pdx_3dtypes.cpp:217]: Total time "generic_factory_glass_01_mesh" in 8 ms
[10:01:44][pdx_3dtypes.cpp:217]: Total time "latin_urban_city_residential_rich_02_mesh" in 8 ms
[10:01:44][pdx_3dtypes.cpp:217]: Total time "indian_factory_furniture_01_mesh" in 8 ms
[10:01:44][pdx_3dtypes.cpp:217]: Total time "wonder_wallofchina_09_mesh" in 8 ms
[10:01:44][pdx_3dtypes.cpp:217]: Total time "bird_duck_01_mesh" in 8 ms
[10:01:44][pdx_3dtypes.cpp:217]: Total time "military_transport_railroad_armoredlocomotive_generic_mesh" in 8 ms
[10:01:44][pdx_3dtypes.cpp:217]: Total time "arabic_forestry_centerpiece_01_mesh" in 8 ms
[10:01:44][pdx_3dtypes.cpp:217]: Total time "generic_factory_papermill_01_mesh" in 8 ms
[10:01:44][pdx_3dtypes.cpp:217]: Total time "european_rural_building_mid_01_mesh" in 8 ms
[10:01:44][pdx_3dtypes.cpp:217]: Total time "wind_trail_04_mesh" in 8 ms
[10:01:44][pdx_3dtypes.cpp:217]: Total time "balkan_forestry_loggingcamp_03_mesh" in 7 ms
[10:01:44][pdx_3dtypes.cpp:217]: Total time "european_port_01_1s_1d_0f_mesh" in 7 ms
[10:01:44][pdx_3dtypes.cpp:217]: Total time "horse_cart_ap1_01_mesh" in 7 ms
[10:01:44][pdx_3dtypes.cpp:217]: Total time "generic_factory_tools_01_mesh" in 7 ms
[10:01:44][pdx_3dtypes.cpp:217]: Total time "frigate_broadside_02_mesh" in 7 ms
[10:01:44][pdx_3dtypes.cpp:217]: Total time "horse_cart_ap1_02_mesh" in 7 ms
[10:01:44][pdx_3dtypes.cpp:217]: Total time "papermap_extension_bottom_ip4_spain_mesh" in 7 ms
[10:01:44][pdx_3dtypes.cpp:217]: Total time "balkan_forestry_centerpiece_hardwoodpiles_02_mesh" in 7 ms
[10:01:44][pdx_3dtypes.cpp:217]: Total time "male_headgear_colonial_helmet_02_mesh" in 7 ms
[10:01:44][pdx_3dtypes.cpp:217]: Total time "wonder_wallofchina_06_mesh" in 7 ms
[10:01:44][pdx_3dtypes.cpp:217]: Total time "train_locomotive_jupiter_01_mesh" in 7 ms
[10:01:44][pdx_3dtypes.cpp:217]: Total time "dirtroad_bridge_01_small_mesh" in 7 ms
[10:01:44][pdx_3dtypes.cpp:217]: Total time "papermap_extension_bottom_ip2_mesh" in 7 ms
[10:01:44][pdx_3dtypes.cpp:217]: Total time "african_urban_city_residential_mid_03_mesh" in 7 ms
[10:01:44][pdx_3dtypes.cpp:217]: Total time "dlc_coin_ap1_mesh" in 7 ms
[10:01:44][pdx_3dtypes.cpp:217]: Total time "asian_forestry_camp_02_mesh" in 7 ms
[10:01:44][pdx_3dtypes.cpp:217]: Total time "mininghub_centerpiece_sandstone_01_mesh" in 7 ms
[10:01:44][pdx_3dtypes.cpp:217]: Total time "frigate_broadside_01_mesh" in 7 ms
[10:01:44][pdx_3dtypes.cpp:217]: Total time "european_port_01_0s_1d_2f_mesh" in 7 ms
[10:01:44][pdx_3dtypes.cpp:217]: Total time "generic_factory_textilemill_01_mesh" in 7 ms
[10:01:44][pdx_3dtypes.cpp:217]: Total time "vulture_01_frame_mesh" in 7 ms
[10:01:44][pdx_3dtypes.cpp:217]: Total time "african_urban_city_residential_mid_01_mesh" in 7 ms
[10:01:44][pdx_3dtypes.cpp:217]: Total time "generic_factory_arms_01_mesh" in 7 ms
[10:01:44][pdx_3dtypes.cpp:217]: Total time "female_outfit_chinese_agitator_01_mesh" in 7 ms
[10:01:44][pdx_3dtypes.cpp:217]: Total time "funnel_large_01_mesh" in 7 ms
[10:01:44][pdx_3dtypes.cpp:217]: Total time "male_medals_prussian_01_05_mesh" in 7 ms
[10:01:44][pdx_3dtypes.cpp:217]: Total time "asian_forestry_lumberdepo_02_mesh" in 7 ms
[10:01:44][pdx_3dtypes.cpp:217]: Total time "latin_manufactory_01_mesh" in 7 ms
[10:01:44][pdx_3dtypes.cpp:217]: Total time "european_port_01_2s_0d_1f_mesh" in 7 ms
[10:01:44][pdx_3dtypes.cpp:217]: Total time "latin_forestry_scatter_01_mesh" in 7 ms
[10:01:44][pdx_3dtypes.cpp:217]: Total time "european_province_farm_02_mesh" in 7 ms
[10:01:44][pdx_3dtypes.cpp:217]: Total time "male_belt_austrian_01_bs_old_mesh" in 7 ms
[10:01:44][pdx_3dtypes.cpp:217]: Total time "arabic_factory_01_mesh" in 7 ms
[10:01:44][pdx_3dtypes.cpp:217]: Total time "european_port_01_1s_0d_1f_mesh" in 7 ms
[10:01:44][pdx_3dtypes.cpp:217]: Total time "balkan_port_shipyard_01_mesh" in 7 ms
[10:01:44][pdx_3dtypes.cpp:217]: Total time "wonder_wallofchina_07_mesh" in 7 ms
[10:01:44][pdx_3dtypes.cpp:217]: Total time "male_beard_provo_wallis_mesh" in 7 ms
[10:01:44][pdx_3dtypes.cpp:217]: Total time "european_farm_farmhouse_01_mesh" in 7 ms
[10:01:44][pdx_3dtypes.cpp:217]: Total time "wonder_manilacathedral_03_mesh" in 7 ms
[10:01:44][pdx_3dtypes.cpp:217]: Total time "balkan_port_fishingwharf_03_mesh" in 7 ms
[10:01:44][pdx_3dtypes.cpp:217]: Total time "balkan_forestry_centerpiece_mixwoodpiles_03_mesh" in 7 ms
[10:01:44][pdx_3dtypes.cpp:217]: Total time "balkan_factory_papermill_01_mesh" in 7 ms
[10:01:44][pdx_3dtypes.cpp:217]: Total time "african_colonial_manufactory_03_mesh" in 7 ms
[10:01:44][pdx_3dtypes.cpp:217]: Total time "balkan_port_centerpiece_01_mesh" in 7 ms
[10:01:44][pdx_3dtypes.cpp:217]: Total time "generic_mining_quarry_01_mesh" in 7 ms
[10:01:44][pdx_3dtypes.cpp:217]: Total time "earlyironclad_gunbattery_medium_l_mesh" in 7 ms
[10:01:44][pdx_3dtypes.cpp:217]: Total time "balkan_factory_munition_01_mesh" in 7 ms
[10:01:44][pdx_3dtypes.cpp:217]: Total time "european_port_01_0s_0d_3f_mesh" in 7 ms
[10:01:44][pdx_3dtypes.cpp:217]: Total time "male_belt_austrian_01_bs_fat_mesh" in 7 ms
[10:01:44][pdx_3dtypes.cpp:217]: Total time "male_mustache_european_12_mesh" in 7 ms
[10:01:44][pdx_3dtypes.cpp:217]: Total time "indian_factory_arms_01_mesh" in 7 ms
[10:01:44][pdx_3dtypes.cpp:217]: Total time "male_coat_european_greatcoat_01_mesh" in 7 ms
[10:01:44][pdx_3dtypes.cpp:217]: Total time "european_port_01_0s_1d_1f_mesh" in 6 ms
[10:01:44][pdx_3dtypes.cpp:217]: Total time "male_top_layer_greek_01_bs_fat_mesh" in 6 ms
[10:01:44][pdx_3dtypes.cpp:217]: Total time "female_hair_european_01_bonnet_mesh" in 6 ms
[10:01:44][pdx_3dtypes.cpp:217]: Total time "asian_glassworks_manufactory_01_mesh" in 6 ms
[10:01:44][pdx_3dtypes.cpp:217]: Total time "european_port_01_1s_2d_0f_mesh" in 6 ms
[10:01:44][pdx_3dtypes.cpp:217]: Total time "generic_forestry_centerpiece_hardwoodpiles_02_mesh" in 6 ms
[10:01:44][pdx_3dtypes.cpp:217]: Total time "generic_manufactory_02_mesh" in 6 ms
[10:01:44][pdx_3dtypes.cpp:217]: Total time "generic_forestry_loggingcamp_hardwoodpiles_02_mesh" in 6 ms
[10:01:44][pdx_3dtypes.cpp:217]: Total time "female_coat_european_military_01_bs_fat_mesh" in 6 ms
[10:01:44][pdx_3dtypes.cpp:217]: Total time "male_coat_winter_early_greatcoat_mesh" in 6 ms
[10:01:44][pdx_3dtypes.cpp:217]: Total time "european_port_01_0s_2d_1f_mesh" in 6 ms
[10:01:44][pdx_3dtypes.cpp:217]: Total time "male_beard_alexander_iii_mesh" in 6 ms
[10:01:44][pdx_3dtypes.cpp:217]: Total time "earlyironclad_gunbattery_medium_r_mesh" in 6 ms
[10:01:44][pdx_3dtypes.cpp:217]: Total time "balkan_forestry_centerpiece_hardwoodpiles_01_mesh" in 6 ms
[10:01:44][pdx_3dtypes.cpp:217]: Total time "duck_01_frame_mesh" in 6 ms
[10:01:44][pdx_3dtypes.cpp:217]: Total time "generic_forestry_loggingcabin_02_mesh" in 6 ms
[10:01:44][pdx_3dtypes.cpp:217]: Total time "male_coat_late_military_greatcoat_01_bs_old_mesh" in 6 ms
[10:01:44][pdx_3dtypes.cpp:217]: Total time "male_hair_european_12_mesh" in 6 ms
[10:01:44][pdx_3dtypes.cpp:217]: Total time "generic_rural_mining_coaldepo_01_mesh" in 6 ms
[10:01:44][pdx_3dtypes.cpp:217]: Total time "male_beard_indian_02_mesh" in 6 ms
[10:01:44][pdx_3dtypes.cpp:217]: Total time "african_manufactory_02_mesh" in 6 ms
[10:01:44][pdx_3dtypes.cpp:217]: Total time "papermap_extension_top_ip4_mesh" in 6 ms
[10:01:44][pdx_3dtypes.cpp:217]: Total time "arabic_factory_colonial_02_mesh" in 6 ms
[10:01:44][pdx_3dtypes.cpp:217]: Total time "male_beard_francesco_pi_i_margall_mesh" in 6 ms
[10:01:44][pdx_3dtypes.cpp:217]: Total time "military_props_test_mesh" in 6 ms
[10:01:44][pdx_3dtypes.cpp:217]: Total time "balkan_forestry_loggingcamp_02_mesh" in 6 ms
[10:01:44][pdx_3dtypes.cpp:217]: Total time "powerbloc_supportelement_halo_01_mesh" in 6 ms
[10:01:44][pdx_3dtypes.cpp:217]: Total time "military_props_artillery_mobile_02_mesh" in 6 ms
[10:01:44][pdx_3dtypes.cpp:217]: Total time "asian_colonial_manufactory_03_mesh" in 6 ms
[10:01:44][pdx_3dtypes.cpp:217]: Total time "latin_forestry_centerpiece_01_mesh" in 6 ms
[10:01:44][pdx_3dtypes.cpp:217]: Total time "earlyironclad_gunbattery_light_r_mesh" in 6 ms
[10:01:44][pdx_3dtypes.cpp:217]: Total time "mininghub_centerpiece_01_mesh" in 6 ms
[10:01:44][pdx_3dtypes.cpp:217]: Total time "powerbloc_supportelement_hands_01_mesh" in 6 ms
[10:01:44][pdx_3dtypes.cpp:217]: Total time "female_hair_arabic_01_mesh" in 6 ms
[10:01:44][pdx_3dtypes.cpp:217]: Total time "funnel_large_03_mesh" in 6 ms
[10:01:44][pdx_3dtypes.cpp:217]: Total time "female_hair_arabic_01_headgear_mesh" in 6 ms
[10:01:44][pdx_3dtypes.cpp:217]: Total time "powerbloc_supportelement_royalcape_01_mesh" in 6 ms
[10:01:44][pdx_3dtypes.cpp:217]: Total time "american_mining_oilrig_01_mesh" in 6 ms
[10:01:44][pdx_3dtypes.cpp:217]: Total time "revolution_barricade_mid_mesh" in 6 ms
[10:01:44][pdx_3dtypes.cpp:217]: Total time "latin_glassworks_manufactory_01_mesh" in 6 ms
[10:01:44][pdx_3dtypes.cpp:217]: Total time "generic_forestry_loggingcamp_softwoodpiles_02_mesh" in 6 ms
[10:01:44][pdx_3dtypes.cpp:217]: Total time "european_port_01_0s_1d_0f_mesh" in 6 ms
[10:01:44][pdx_3dtypes.cpp:217]: Total time "generic_forestry_loggingcamp_hardwoodpiles_01_mesh" in 6 ms
[10:01:44][pdx_3dtypes.cpp:217]: Total time "asian_manufactory_03_mesh" in 6 ms
[10:01:44][pdx_3dtypes.cpp:217]: Total time "generic_forestry_centerpiece_softwoodpiles_02_mesh" in 6 ms
[10:01:44][pdx_3dtypes.cpp:217]: Total time "male_beard_historical_pedro_02_mesh" in 6 ms
[10:01:44][pdx_3dtypes.cpp:217]: Total time "asian_forestry_camp_01_mesh" in 6 ms
[10:01:44][pdx_3dtypes.cpp:217]: Total time "male_beard_european_21_mesh" in 6 ms
[10:01:44][pdx_3dtypes.cpp:217]: Total time "male_hair_historical_pedro_02_mesh" in 6 ms
[10:01:44][pdx_3dtypes.cpp:217]: Total time "male_coat_greek_01_mesh" in 6 ms
[10:01:44][pdx_3dtypes.cpp:217]: Total time "balkan_factory_food_01_mesh" in 6 ms
[10:01:44][pdx_3dtypes.cpp:217]: Total time "tree_bush_05_mesh" in 6 ms
[10:01:44][pdx_3dtypes.cpp:217]: Total time "european_port_01_0s_0d_2f_mesh" in 6 ms
[10:01:44][pdx_3dtypes.cpp:217]: Total time "male_beard_friedrich_engels_mesh" in 6 ms
[10:01:44][pdx_3dtypes.cpp:217]: Total time "african_glassworks_manufactory_01_mesh" in 6 ms
[10:01:44][pdx_3dtypes.cpp:217]: Total time "arabic_factory_colonial_01_mesh" in 6 ms
[10:01:44][pdx_3dtypes.cpp:217]: Total time "shipoftheline_gunbattery_light_r_mesh" in 6 ms
[10:01:44][pdx_3dtypes.cpp:217]: Total time "seaplanetender_crane_mesh" in 6 ms
[10:01:44][pdx_3dtypes.cpp:217]: Total time "train_locomotive_gnrstirlingtender_01_mesh" in 6 ms
[10:01:44][pdx_3dtypes.cpp:217]: Total time "asian_colonial_manufactory_02_mesh" in 6 ms
[10:01:44][pdx_3dtypes.cpp:217]: Total time "balkan_factory_tools_01_mesh" in 6 ms
[10:01:44][pdx_3dtypes.cpp:217]: Total time "gun_casemate_nocase_01_mesh" in 6 ms
[10:01:44][pdx_3dtypes.cpp:217]: Total time "european_port_01_0s_2d_0f_mesh" in 6 ms
[10:01:44][pdx_3dtypes.cpp:217]: Total time "substance_bg_mesh" in 6 ms
[10:01:44][pdx_3dtypes.cpp:217]: Total time "generic_forestry_loggingcamp_01_mesh" in 6 ms
[10:01:44][pdx_3dtypes.cpp:217]: Total time "papermap_extension_bottom_ip3_mesh" in 6 ms
[10:01:44][pdx_3dtypes.cpp:217]: Total time "male_beard_european_19_mesh" in 6 ms
[10:01:44][pdx_3dtypes.cpp:217]: Total time "male_coat_historical_john_brown_01_bs_gaunt_mesh" in 6 ms
[10:01:44][pdx_3dtypes.cpp:217]: Total time "train_cargo_steel_03_mesh" in 6 ms
[10:01:44][pdx_3dtypes.cpp:217]: Total time "male_beard_arabic_01_mesh" in 6 ms
[10:01:44][pdx_3dtypes.cpp:217]: Total time "african_tools_manufactory_01_mesh" in 6 ms
[10:01:44][pdx_3dtypes.cpp:217]: Total time "mesh_not_found_fallback_object" in 6 ms
[10:01:44][pdx_3dtypes.cpp:217]: Total time "arabic_factory_tools_01_mesh" in 6 ms
[10:01:44][pdx_3dtypes.cpp:217]: Total time "male_top_layer_greek_01_bs_thin_mesh" in 6 ms
[10:01:44][pdx_3dtypes.cpp:217]: Total time "male_hair_european_03_cap1_mesh" in 6 ms
[10:01:44][pdx_3dtypes.cpp:217]: Total time "male_beard_european_12_mesh" in 6 ms
[10:01:44][pdx_3dtypes.cpp:217]: Total time "arabic_forestry_loggingcamp_01_mesh" in 6 ms
[10:01:44][pdx_3dtypes.cpp:217]: Total time "european_port_01_2s_1d_0f_mesh" in 6 ms
[10:01:44][pdx_3dtypes.cpp:217]: Total time "female_coat_european_military_01_bs_old_mesh" in 6 ms
[10:01:44][pdx_3dtypes.cpp:217]: Total time "generic_mining_lead_01_mesh" in 6 ms
[10:01:44][pdx_3dtypes.cpp:217]: Total time "train_locomotive_johnbull_01_mesh" in 6 ms
[10:01:44][pdx_3dtypes.cpp:217]: Total time "wind_trail_03_mesh" in 6 ms
[10:01:44][pdx_3dtypes.cpp:217]: Total time "generic_forestry_transportation_mixwoodpiles_03_mesh" in 5 ms
[10:01:44][pdx_3dtypes.cpp:217]: Total time "ironfrigate_broadside_03_mesh" in 5 ms
[10:01:44][pdx_3dtypes.cpp:217]: Total time "male_top_layer_south_american_gaucho_01_bs_old_mesh" in 5 ms
[10:01:44][pdx_3dtypes.cpp:217]: Total time "generic_forestry_centerpiece_hardwoodpiles_03_mesh" in 5 ms
[10:01:44][pdx_3dtypes.cpp:217]: Total time "balkan_forestry_transportation_hardwoodpiles_02_mesh" in 5 ms
[10:01:44][pdx_3dtypes.cpp:217]: Total time "male_medals_generic_01_ip4_06_mesh" in 5 ms
[10:01:44][pdx_3dtypes.cpp:217]: Total time "generic_forestry_transportation_softwoodpiles_01_mesh" in 5 ms
[10:01:44][pdx_3dtypes.cpp:217]: Total time "european_port_01_1s_0d_0f_mesh" in 5 ms
[10:01:44][pdx_3dtypes.cpp:217]: Total time "generic_forestry_transportation_hardwoodpiles_01_mesh" in 5 ms
[10:01:44][pdx_3dtypes.cpp:217]: Total time "military_props_artillery_shrapnel_02_mesh" in 5 ms
[10:01:44][pdx_3dtypes.cpp:217]: Total time "generic_forestry_centerpiece_softwoodpiles_01_mesh" in 5 ms
[10:01:44][pdx_3dtypes.cpp:217]: Total time "balkan_forestry_transportation_softwoodpiles_02_mesh" in 5 ms
[10:01:44][pdx_3dtypes.cpp:217]: Total time "latin_colonial_manufactory_01_mesh" in 5 ms
[10:01:44][pdx_3dtypes.cpp:217]: Total time "wonder_wallofchina_02_mesh" in 5 ms
[10:01:44][pdx_3dtypes.cpp:217]: Total time "train_cargo_hardwood_02_mesh" in 5 ms
[10:01:44][pdx_3dtypes.cpp:217]: Total time "male_headgear_indian_radhakanta_deb_mesh" in 5 ms
[10:01:44][pdx_3dtypes.cpp:217]: Total time "military_props_artillery_siege_02_mesh" in 5 ms
[10:01:44][pdx_3dtypes.cpp:217]: Total time "glassworks_manufactory_01_mesh" in 5 ms
[10:01:44][pdx_3dtypes.cpp:217]: Total time "male_hair_historical_marx_mesh" in 5 ms
[10:01:44][pdx_3dtypes.cpp:217]: Total time "male_coat_late_military_greatcoat_01_bs_thick_mesh" in 5 ms
[10:01:44][pdx_3dtypes.cpp:217]: Total time "african_port_centerpiece_02_mesh" in 5 ms
[10:01:44][pdx_3dtypes.cpp:217]: Total time "powerbloc_supportelement_laurusbranch_01_mesh" in 5 ms
[10:01:44][pdx_3dtypes.cpp:217]: Total time "generic_forestry_loggingcamp_03_mesh" in 5 ms
[10:01:44][pdx_3dtypes.cpp:217]: Total time "generic_rural_mining_pile_01_mesh" in 5 ms
[10:01:44][pdx_3dtypes.cpp:217]: Total time "funnel_trunked_02_mesh" in 5 ms
[10:01:44][pdx_3dtypes.cpp:217]: Total time "latin_furniture_manufactory_01_mesh" in 5 ms
[10:01:44][pdx_3dtypes.cpp:217]: Total time "cliff_canyon_13_mesh" in 5 ms
[10:01:44][pdx_3dtypes.cpp:217]: Total time "oak_tree_02_mesh" in 5 ms
[10:01:44][pdx_3dtypes.cpp:217]: Total time "male_mustache_victor_emmanuel_mesh" in 5 ms
[10:01:44][pdx_3dtypes.cpp:217]: Total time "single_heavy_turret_02_mesh" in 5 ms
[10:01:44][pdx_3dtypes.cpp:217]: Total time "balkan_forestry_loggingcamp_hardwoodpiles_02_mesh" in 5 ms
[10:01:44][pdx_3dtypes.cpp:217]: Total time "twin_heavy_turret_01_mesh" in 5 ms
[10:01:44][pdx_3dtypes.cpp:217]: Total time "male_coat_historical_john_brown_01_bs_thin_mesh" in 5 ms
[10:01:44][pdx_3dtypes.cpp:217]: Total time "male_beard_john_brown_mesh" in 5 ms
[10:01:44][pdx_3dtypes.cpp:217]: Total time "powerbloc_statue_hero_bourgeois_01_mesh" in 5 ms
[10:01:44][pdx_3dtypes.cpp:217]: Total time "shipoftheline_gunbattery_medium_r_mesh" in 5 ms
[10:01:44][pdx_3dtypes.cpp:217]: Total time "gun_deckcannon_small_01_mesh" in 5 ms
[10:01:44][pdx_3dtypes.cpp:217]: Total time "generic_forestry_centerpiece_mixwoodpiles_03_mesh" in 5 ms
[10:01:44][pdx_3dtypes.cpp:217]: Total time "african_forestry_scatter_02_mesh" in 5 ms
[10:01:44][pdx_3dtypes.cpp:217]: Total time "funnel_trunked_01_mesh" in 5 ms
[10:01:44][pdx_3dtypes.cpp:217]: Total time "balkan_forestry_loggingcamp_hardwoodpiles_01_mesh" in 5 ms
[10:01:44][pdx_3dtypes.cpp:217]: Total time "african_port_shipyard_01_mesh" in 5 ms
[10:01:44][pdx_3dtypes.cpp:217]: Total time "train_cargo_sulfur_01_mesh" in 5 ms
[10:01:44][pdx_3dtypes.cpp:217]: Total time "male_shirt_greek_01_bs_gaunt_mesh" in 5 ms
[10:01:44][pdx_3dtypes.cpp:217]: Total time "tree_rainforest_002_mesh" in 5 ms
[10:01:44][pdx_3dtypes.cpp:217]: Total time "balkan_forestry_loggingcamp_softwoodpiles_02_mesh" in 5 ms
[10:01:44][pdx_3dtypes.cpp:217]: Total time "arabic_port_centerpiece_01_mesh" in 5 ms
[10:01:44][pdx_3dtypes.cpp:217]: Total time "male_mustache_european_06_mesh" in 5 ms
[10:01:44][pdx_3dtypes.cpp:217]: Total time "balkan_forestry_loggingcamp_mixwoodpiles_03_mesh" in 5 ms
[10:01:44][pdx_3dtypes.cpp:217]: Total time "male_coat_ceo_02_bs_gaunt_mesh" in 5 ms
[10:01:44][pdx_3dtypes.cpp:217]: Total time "billboard_placeholder_mesh" in 5 ms
[10:01:44][pdx_3dtypes.cpp:217]: Total time "asian_mining_processing_01_mesh" in 5 ms
[10:01:44][pdx_3dtypes.cpp:217]: Total time "male_belt_austrian_01_bs_thin_mesh" in 5 ms
[10:01:44][pdx_3dtypes.cpp:217]: Total time "male_outfit_greek_fustanella_01_bs_gaunt_mesh" in 5 ms
[10:01:44][pdx_3dtypes.cpp:217]: Total time "earlyironclad_signalflags_01_mesh" in 5 ms
[10:01:44][pdx_3dtypes.cpp:217]: Total time "male_sashes_tricolor_bs_fat_mesh" in 5 ms
[10:01:44][pdx_3dtypes.cpp:217]: Total time "shipoftheline_armour_medium_mesh" in 5 ms
[10:01:44][pdx_3dtypes.cpp:217]: Total time "balkan_forestry_loggingcamp_hardwoodpiles_03_mesh" in 5 ms
[10:01:44][pdx_3dtypes.cpp:217]: Total time "male_outfit_chinese_common_01_mesh" in 5 ms
[10:01:44][pdx_3dtypes.cpp:217]: Total time "powerbloc_statue_attachment_shovel_mesh" in 5 ms
[10:01:44][pdx_3dtypes.cpp:217]: Total time "generic_forestry_equipment_02_mesh" in 5 ms
[10:01:44][pdx_3dtypes.cpp:217]: Total time "colonial_manufactory_03_mesh" in 5 ms
[10:01:44][pdx_3dtypes.cpp:217]: Total time "male_coat_ceo_02_bs_thick_mesh" in 5 ms
[10:01:44][pdx_3dtypes.cpp:217]: Total time "indian_factory_construction_01_mesh" in 5 ms
[10:01:44][pdx_3dtypes.cpp:217]: Total time "balkan_forestry_centerpiece_hardwoodpiles_03_mesh" in 5 ms
[10:01:44][pdx_3dtypes.cpp:217]: Total time "male_coat_late_military_greatcoat_01_bs_gaunt_mesh" in 5 ms
[10:01:44][pdx_3dtypes.cpp:217]: Total time "female_sash_european_02_mesh" in 5 ms
[10:01:44][pdx_3dtypes.cpp:217]: Total time "mp1_coin_mesh" in 5 ms
[10:01:44][pdx_3dtypes.cpp:217]: Total time "train_locomotive_ouesttender_01_mesh" in 5 ms
[10:01:44][pdx_3dtypes.cpp:217]: Total time "tree_rainforest_001_mesh" in 5 ms
[10:01:44][pdx_3dtypes.cpp:217]: Total time "funnel_medium_none_01_mesh" in 5 ms
[10:01:44][pdx_3dtypes.cpp:217]: Total time "male_hair_european_08_pope_cap1_mesh" in 5 ms
[10:01:44][pdx_3dtypes.cpp:217]: Total time "generic_forestry_transportation_mixwoodpiles_02_mesh" in 5 ms
[10:01:44][pdx_3dtypes.cpp:217]: Total time "gun_bigturret_tripple_01_mesh" in 5 ms
[10:01:44][pdx_3dtypes.cpp:217]: Total time "african_port_fishingwharf_01_mesh" in 5 ms
[10:01:44][pdx_3dtypes.cpp:217]: Total time "female_necklace_indian_02_bs_fat_mesh" in 5 ms
[10:01:44][pdx_3dtypes.cpp:217]: Total time "male_headgear_sailor_cap_mesh" in 5 ms
[10:01:44][pdx_3dtypes.cpp:217]: Total time "male_top_layer_south_american_gaucho_01_bs_gaunt_mesh" in 5 ms
[10:01:44][pdx_3dtypes.cpp:217]: Total time "earlyironclad_gunbattery_heavy_l_mesh" in 5 ms
[10:01:44][pdx_3dtypes.cpp:217]: Total time "powerbloc_statue_attachment_tophat_mesh" in 5 ms
[10:01:44][pdx_3dtypes.cpp:217]: Total time "frigate_signalflags_01_mesh" in 5 ms
[10:01:44][pdx_3dtypes.cpp:217]: Total time "powerbloc_statue_hero_octopus_01_mesh" in 5 ms
[10:01:44][pdx_3dtypes.cpp:217]: Total time "asian_port_centerpiece_02_mesh" in 5 ms
[10:01:44][pdx_3dtypes.cpp:217]: Total time "balkan_forestry_transportation_mixwoodpiles_01_mesh" in 5 ms
[10:01:44][pdx_3dtypes.cpp:217]: Total time "powerbloc_supportelement_sextant_01_mesh" in 5 ms
[10:01:44][pdx_3dtypes.cpp:217]: Total time "rockformation_09_mesh" in 5 ms
[10:01:44][pdx_3dtypes.cpp:217]: Total time "male_mustache_sandor_petofi_mesh" in 5 ms
[10:01:44][pdx_3dtypes.cpp:217]: Total time "male_beard_gyula_andrassy_mesh" in 5 ms
[10:01:44][pdx_3dtypes.cpp:217]: Total time "monitor_funnel_tripple_mesh" in 5 ms
[10:01:44][pdx_3dtypes.cpp:217]: Total time "male_belt_greek_01_bs_old_mesh" in 5 ms
[10:01:44][pdx_3dtypes.cpp:217]: Total time "male_hair_sador_petofi_mesh" in 5 ms
[10:01:44][pdx_3dtypes.cpp:217]: Total time "balkan_forestry_transportation_mixwoodpiles_02_mesh" in 5 ms
[10:01:44][pdx_3dtypes.cpp:217]: Total time "balkan_forestry_loggingcamp_01_mesh" in 5 ms
[10:01:44][pdx_3dtypes.cpp:217]: Total time "funnel_medium_03_mesh" in 5 ms
[10:01:44][pdx_3dtypes.cpp:217]: Total time "prop_glasses_mesh" in 5 ms
[10:01:44][pdx_3dtypes.cpp:217]: Total time "superdreadnought_signalflags_01_mesh" in 5 ms
[10:01:44][pdx_3dtypes.cpp:217]: Total time "male_medals_generic_01_01_mesh" in 5 ms
[10:01:44][pdx_3dtypes.cpp:217]: Total time "arabic_port_shipyard_01_mesh" in 5 ms
[10:01:44][pdx_3dtypes.cpp:217]: Total time "balkan_forestry_transportation_softwoodpiles_03_mesh" in 5 ms
[10:01:44][pdx_3dtypes.cpp:217]: Total time "asian_urban_residential_poor_01_mesh" in 5 ms
[10:01:44][pdx_3dtypes.cpp:217]: Total time "generic_forestry_transportation_hardwoodpiles_03_mesh" in 5 ms
[10:01:44][pdx_3dtypes.cpp:217]: Total time "test_sphere_mesh" in 5 ms
[10:01:44][pdx_3dtypes.cpp:217]: Total time "male_mustache_milos_obrenovic_mesh" in 5 ms
[10:01:44][pdx_3dtypes.cpp:217]: Total time "male_hair_historical_milos_obrenovic_mesh" in 5 ms
[10:01:44][pdx_3dtypes.cpp:217]: Total time "balkan_forestry_centerpiece_mixwoodpiles_01_mesh" in 5 ms
[10:01:44][pdx_3dtypes.cpp:217]: Total time "powerbloc_supportelement_laurelwreath_01_mesh" in 5 ms
[10:01:44][pdx_3dtypes.cpp:217]: Total time "male_coat_european_military_02_mesh" in 5 ms
[10:01:44][pdx_3dtypes.cpp:217]: Total time "male_belts_sash_power_bloc_04_mesh" in 5 ms
[10:01:44][pdx_3dtypes.cpp:217]: Total time "military_props_artillery_cannon_01_mesh" in 5 ms
[10:01:44][pdx_3dtypes.cpp:217]: Total time "generic_forestry_centerpiece_softwoodpiles_03_mesh" in 5 ms
[10:01:44][pdx_3dtypes.cpp:217]: Total time "powerbloc_supportelement_wings_01_mesh" in 5 ms
[10:01:44][pdx_3dtypes.cpp:217]: Total time "figurehead_eagle_mesh" in 5 ms
[10:01:44][pdx_3dtypes.cpp:217]: Total time "generic_forestry_centerpiece_mixwoodpiles_02_mesh" in 5 ms
[10:01:44][pdx_3dtypes.cpp:217]: Total time "male_coat_european_military_01_mesh" in 5 ms
[10:01:44][pdx_3dtypes.cpp:217]: Total time "male_hair_historical_provo_wallis_mesh" in 5 ms
[10:01:44][pdx_3dtypes.cpp:217]: Total time "tree_palm_03_mesh" in 5 ms
[10:01:44][pdx_3dtypes.cpp:217]: Total time "african_colonial_manufactory_01_mesh" in 5 ms
[10:01:44][pdx_3dtypes.cpp:217]: Total time "balkan_forestry_loggingcamp_softwoodpiles_01_mesh" in 5 ms
[10:01:44][pdx_3dtypes.cpp:217]: Total time "male_medals_generic_01_ip4_05_mesh" in 5 ms
[10:01:44][pdx_3dtypes.cpp:217]: Total time "funnel_large_02_mesh" in 5 ms
[10:01:44][pdx_3dtypes.cpp:217]: Total time "cliff_canyon_07_mesh" in 5 ms
[10:01:44][pdx_3dtypes.cpp:217]: Total time "monitor_base_mesh" in 5 ms
[10:01:44][pdx_3dtypes.cpp:217]: Total time "powerbloc_statue_hero_skull_mesh" in 5 ms
[10:01:44][pdx_3dtypes.cpp:217]: Total time "male_coat_european_military_02_soldier_mesh" in 5 ms
[10:01:44][pdx_3dtypes.cpp:217]: Total time "male_beard_rudolf_prince_of_austria_mesh" in 5 ms
[10:01:44][pdx_3dtypes.cpp:217]: Total time "male_belt_austrian_01_bs_thick_mesh" in 5 ms
[10:01:44][pdx_3dtypes.cpp:217]: Total time "male_hair_alexander_karadordevic_mesh" in 5 ms
[10:01:44][pdx_3dtypes.cpp:217]: Total time "asian_urban_port_dockyard_01_mesh" in 5 ms
[10:01:44][pdx_3dtypes.cpp:217]: Total time "male_hair_historical_von_metternich_mesh" in 5 ms
[10:01:44][pdx_3dtypes.cpp:217]: Total time "female_hair_indian_01_mesh" in 5 ms
[10:01:44][pdx_3dtypes.cpp:217]: Total time "latin_forestry_loggingcamp_02_mesh" in 5 ms
[10:01:44][pdx_3dtypes.cpp:217]: Total time "lake_mesh" in 5 ms
[10:01:44][pdx_3dtypes.cpp:217]: Total time "revolution_barricade_small_trade_unions_mesh" in 5 ms
[10:01:44][pdx_3dtypes.cpp:217]: Total time "military_arms_flamethrower_tank_mesh" in 5 ms
[10:01:44][pdx_3dtypes.cpp:217]: Total time "latin_port_fishingwharf_01_mesh" in 5 ms
[10:01:44][pdx_3dtypes.cpp:217]: Total time "balkan_forestry_equipment_03_mesh" in 5 ms
[10:01:44][pdx_3dtypes.cpp:217]: Total time "male_coat_late_military_greatcoat_01_bs_fat_mesh" in 5 ms
[10:01:44][pdx_3dtypes.cpp:217]: Total time "male_belt_aggressive_expansion_01_bs_gaunt_mesh" in 5 ms
[10:01:44][pdx_3dtypes.cpp:217]: Total time "male_legwear_greek_01_bs_thick_mesh" in 5 ms
[10:01:44][pdx_3dtypes.cpp:217]: Total time "generic_manufactory_01_mesh" in 5 ms
[10:01:44][pdx_3dtypes.cpp:217]: Total time "generic_forestry_loggingcabin_01_mesh" in 5 ms
[10:01:44][pdx_3dtypes.cpp:217]: Total time "asian_farm_farmstead_01_mesh" in 5 ms
[10:01:44][pdx_3dtypes.cpp:217]: Total time "male_mustache_european_14_mesh" in 5 ms
[10:01:44][pdx_3dtypes.cpp:217]: Total time "male_coat_european_11_short_mesh" in 5 ms
[10:01:44][pdx_3dtypes.cpp:217]: Total time "male_coat_historical_john_brown_01_bs_thick_mesh" in 5 ms
[10:01:44][pdx_3dtypes.cpp:217]: Total time "revolution_barricade_large_mesh" in 5 ms
[10:01:44][pdx_3dtypes.cpp:217]: Total time "powerbloc_statue_hero_fish_mesh" in 5 ms
[10:01:44][pdx_3dtypes.cpp:217]: Total time "indian_port_shipyard_01_mesh" in 5 ms
[10:01:44][pdx_3dtypes.cpp:217]: Total time "female_coat_european_military_01_bs_gaunt_mesh" in 5 ms
[10:01:44][pdx_3dtypes.cpp:217]: Total time "balkan_factory_glass_01_mesh" in 5 ms
[10:01:44][pdx_3dtypes.cpp:217]: Total time "powerbloc_statue_attachment_umbrella_mesh" in 5 ms
[10:01:44][pdx_3dtypes.cpp:217]: Total time "tree_rainforest_003_mesh" in 5 ms
[10:01:44][pdx_3dtypes.cpp:217]: Total time "male_medals_generic_01_ip4_04_mesh" in 5 ms
[10:01:44][pdx_3dtypes.cpp:217]: Total time "male_top_layer_religious_cape_mesh" in 5 ms
[10:01:44][pdx_3dtypes.cpp:217]: Total time "male_top_layers_indian_scarf_01_bs_thick_mesh" in 5 ms
[10:01:44][pdx_3dtypes.cpp:217]: Total time "generic_rural_mining_pile_02_mesh" in 5 ms
[10:01:44][pdx_3dtypes.cpp:217]: Total time "male_coat_ceo_02_bs_thin_mesh" in 5 ms
[10:01:44][pdx_3dtypes.cpp:217]: Total time "generic_forestry_centerpiece_mixwoodpiles_01_mesh" in 5 ms
[10:01:44][pdx_3dtypes.cpp:217]: Total time "generic_factory_construction_01_mesh" in 5 ms
[10:01:44][pdx_3dtypes.cpp:217]: Total time "rockformation_06_mesh" in 5 ms
[10:01:44][pdx_3dtypes.cpp:217]: Total time "male_hair_african_01_mesh" in 5 ms
[10:01:44][pdx_3dtypes.cpp:217]: Total time "balkan_forestry_transportation_softwoodpiles_01_mesh" in 5 ms
[10:01:44][pdx_3dtypes.cpp:217]: Total time "cliff_canyon_02_mesh" in 5 ms
[10:01:44][pdx_3dtypes.cpp:217]: Total time "generic_forestry_loggingcamp_softwoodpiles_01_mesh" in 5 ms
[10:01:44][pdx_3dtypes.cpp:217]: Total time "shipoftheline_gunbattery_medium_l_mesh" in 5 ms
[10:01:44][pdx_3dtypes.cpp:217]: Total time "tree_baobab_02_mesh" in 5 ms
[10:01:44][pdx_3dtypes.cpp:217]: Total time "arabic_port_fishingwharf_01_mesh" in 5 ms
[10:01:44][pdx_3dtypes.cpp:217]: Total time "military_props_artillery_shrapnel_01_mesh" in 5 ms
[10:01:44][pdx_3dtypes.cpp:217]: Total time "balkan_forestry_centerpiece_mixwoodpiles_02_mesh" in 5 ms
[10:01:44][pdx_3dtypes.cpp:217]: Total time "male_headgear_south_american_gaucho_01_mesh" in 5 ms
[10:01:44][pdx_3dtypes.cpp:217]: Total time "funnel_medium_01_mesh" in 5 ms
[10:01:44][pdx_3dtypes.cpp:217]: Total time "generic_forestry_loggingcamp_mixwoodpiles_03_mesh" in 5 ms
[10:01:44][pdx_3dtypes.cpp:217]: Total time "male_sash_european_01_mesh" in 5 ms
[10:01:44][pdx_3dtypes.cpp:217]: Total time "european_port_01_0s_3d_0f_mesh" in 5 ms
[10:01:44][pdx_3dtypes.cpp:217]: Total time "female_sash_european_01_mesh" in 5 ms
[10:01:44][pdx_3dtypes.cpp:217]: Total time "single_heavy_turret_01_mesh" in 5 ms
[10:01:44][pdx_3dtypes.cpp:217]: Total time "male_hair_european_07_mesh" in 5 ms
[10:01:44][pdx_3dtypes.cpp:217]: Total time "male_mustache_david_lloyd_george_mesh" in 5 ms
[10:01:44][pdx_3dtypes.cpp:217]: Total time "ironfrigate_broadside_02_mesh" in 5 ms
[10:01:44][pdx_3dtypes.cpp:217]: Total time "train_cargo_log_04_mesh" in 5 ms
[10:01:44][pdx_3dtypes.cpp:217]: Total time "male_hair_european_10_cap1_mesh" in 5 ms
[10:01:44][pdx_3dtypes.cpp:217]: Total time "male_outfit_arabic_royal_01_bs_infant_mesh" in 5 ms
[10:01:44][pdx_3dtypes.cpp:217]: Total time "female_necklace_polynesian_02_low_mesh" in 5 ms
[10:01:44][pdx_3dtypes.cpp:217]: Total time "military_props_artillery_cannon_02_mesh" in 4 ms
[10:01:44][pdx_3dtypes.cpp:217]: Total time "gun_bigturret_twin_01_mesh" in 4 ms
[10:01:44][pdx_3dtypes.cpp:217]: Total time "male_top_layer_greek_01_bs_old_mesh" in 4 ms
[10:01:44][pdx_3dtypes.cpp:217]: Total time "gun_bigturret_twin_02_mesh" in 4 ms
[10:01:44][pdx_3dtypes.cpp:217]: Total time "tree_savanna_003_mesh" in 4 ms
[10:01:44][pdx_3dtypes.cpp:217]: Total time "male_medals_generic_01_ip4_01_mesh" in 4 ms
[10:01:44][pdx_3dtypes.cpp:217]: Total time "armouredcruiser_signalflags_01_mesh" in 4 ms
[10:01:44][pdx_3dtypes.cpp:217]: Total time "naval_order_patrol_mesh" in 4 ms
[10:01:44][pdx_3dtypes.cpp:217]: Total time "male_coat_late_military_greatcoat_01_bs_thin_mesh" in 4 ms
[10:01:44][pdx_3dtypes.cpp:217]: Total time "destroyer_signalflags_01_mesh" in 4 ms
[10:01:44][pdx_3dtypes.cpp:217]: Total time "generic_forestry_transportation_hardwoodpiles_02_mesh" in 4 ms
[10:01:44][pdx_3dtypes.cpp:217]: Total time "ironfrigate_broadside_01_mesh" in 4 ms
[10:01:44][pdx_3dtypes.cpp:217]: Total time "powerbloc_supportelement_scale_01_mesh" in 4 ms
[10:01:44][pdx_3dtypes.cpp:217]: Total time "wonder_wallofchina_08_mesh" in 4 ms
[10:01:44][pdx_3dtypes.cpp:217]: Total time "male_medals_generic_01_ip4_03_mesh" in 4 ms
[10:01:44][pdx_3dtypes.cpp:217]: Total time "male_top_layers_indian_scarf_01_bs_old_mesh" in 4 ms
[10:01:44][pdx_3dtypes.cpp:217]: Total time "male_medals_prussian_01_02_mesh" in 4 ms
[10:01:44][pdx_3dtypes.cpp:217]: Total time "twin_heavy_turret_02_mesh" in 4 ms
[10:01:44][pdx_3dtypes.cpp:217]: Total time "cliff_canyon_06_mesh" in 4 ms
[10:01:44][pdx_3dtypes.cpp:217]: Total time "male_legwear_greek_01_bs_gaunt_mesh" in 4 ms
[10:01:44][pdx_3dtypes.cpp:217]: Total time "male_coat_ceo_02_bs_fat_mesh" in 4 ms
[10:01:44][pdx_3dtypes.cpp:217]: Total time "male_sashes_tricolor_bs_thick_mesh" in 4 ms
[10:01:44][pdx_3dtypes.cpp:217]: Total time "male_legwear_greek_01_bs_fat_mesh" in 4 ms
[10:01:44][pdx_3dtypes.cpp:217]: Total time "generic_rural_mining_entrance_02_mesh" in 4 ms
[10:01:44][pdx_3dtypes.cpp:217]: Total time "military_arms_chauchat_mesh" in 4 ms
[10:01:44][pdx_3dtypes.cpp:217]: Total time "male_coat_greek_01_bs_fat_mesh" in 4 ms
[10:01:44][pdx_3dtypes.cpp:217]: Total time "gun_bigturret_single_02_mesh" in 4 ms
[10:01:44][pdx_3dtypes.cpp:217]: Total time "military_arms_brownbess_bayonet_mesh" in 4 ms
[10:01:44][pdx_3dtypes.cpp:217]: Total time "torpedoboatdestroyer_signalflags_01_mesh" in 4 ms
[10:01:44][pdx_3dtypes.cpp:217]: Total time "male_medals_generic_01_02_mesh" in 4 ms
[10:01:44][pdx_3dtypes.cpp:217]: Total time "female_hair_indian_03_mesh" in 4 ms
[10:01:44][pdx_3dtypes.cpp:217]: Total time "male_outfit_arabic_royal_01_bs_old_mesh" in 4 ms
[10:01:44][pdx_3dtypes.cpp:217]: Total time "monitor_gun_empty_mesh" in 4 ms
[10:01:44][pdx_3dtypes.cpp:217]: Total time "male_coat_historical_john_brown_01_bs_fat_mesh" in 4 ms
[10:01:44][pdx_3dtypes.cpp:217]: Total time "battlecruiser_armour_medium_mesh" in 4 ms
[10:01:44][pdx_3dtypes.cpp:217]: Total time "wonder_wallofchina_05_mesh" in 4 ms
[10:01:44][pdx_3dtypes.cpp:217]: Total time "male_top_layer_south_american_gaucho_01_bs_fat_mesh" in 4 ms
[10:01:44][pdx_3dtypes.cpp:217]: Total time "generic_factory_warmachine_01_mesh" in 4 ms
[10:01:44][pdx_3dtypes.cpp:217]: Total time "aircraftcarrier_signalflags_01_mesh" in 4 ms
[10:01:44][pdx_3dtypes.cpp:217]: Total time "male_sash_european_02_bs_thin_mesh" in 4 ms
[10:01:44][pdx_3dtypes.cpp:217]: Total time "balkan_forestry_loggingcabin_03_mesh" in 4 ms
[10:01:44][pdx_3dtypes.cpp:217]: Total time "generic_forestry_lumberdepo_01_mesh" in 4 ms
[10:01:44][pdx_3dtypes.cpp:217]: Total time "military_diorama_decal_1x1_mesh" in 4 ms
[10:01:44][pdx_3dtypes.cpp:217]: Total time "military_diorama_decal_4x4_mesh" in 4 ms
[10:01:44][pdx_3dtypes.cpp:217]: Total time "train_cargo_hardwood_04_mesh" in 4 ms
[10:01:44][pdx_3dtypes.cpp:217]: Total time "generic_forestry_transportation_softwoodpiles_02_mesh" in 4 ms
[10:01:44][pdx_3dtypes.cpp:217]: Total time "gun_torpedotube_single_01_mesh" in 4 ms
[10:01:44][pdx_3dtypes.cpp:217]: Total time "male_coat_greek_01_bs_thin_mesh" in 4 ms
[10:01:44][pdx_3dtypes.cpp:217]: Total time "submarine_armour_medium_mesh" in 4 ms
[10:01:44][pdx_3dtypes.cpp:217]: Total time "revolution_barricade_small_devout_mesh" in 4 ms
[10:01:44][pdx_3dtypes.cpp:217]: Total time "vfx_ui_plane_war_panel_fire_plane_mesh" in 4 ms
[10:01:44][pdx_3dtypes.cpp:217]: Total time "military_arms_tommygun_mesh" in 4 ms
[10:01:44][pdx_3dtypes.cpp:217]: Total time "male_outfit_arabic_royal_01_bs_thick_mesh" in 4 ms
[10:01:44][pdx_3dtypes.cpp:217]: Total time "generic_rural_mining_coaldepo_02_mesh" in 4 ms
[10:01:44][pdx_3dtypes.cpp:217]: Total time "male_medals_generic_01_03_mesh" in 4 ms
[10:01:44][pdx_3dtypes.cpp:217]: Total time "male_top_layers_indian_scarf_01_bs_thin_mesh" in 4 ms
[10:01:44][pdx_3dtypes.cpp:217]: Total time "female_necklace_indian_02_bs_old_mesh" in 4 ms
[10:01:44][pdx_3dtypes.cpp:217]: Total time "powerbloc_statue_attachment_sickle_mesh" in 4 ms
[10:01:44][pdx_3dtypes.cpp:217]: Total time "revolution_barricade_small_rural_folk_mesh" in 4 ms
[10:01:44][pdx_3dtypes.cpp:217]: Total time "cliff_canyon_15_mesh" in 4 ms
[10:01:44][pdx_3dtypes.cpp:217]: Total time "military_arms_mauser98_bayonet_mesh" in 4 ms
[10:01:44][pdx_3dtypes.cpp:217]: Total time "gun_smallturret_single_01_mesh" in 4 ms
[10:01:44][pdx_3dtypes.cpp:217]: Total time "gun_smallturret_single_02_mesh" in 4 ms
[10:01:44][pdx_3dtypes.cpp:217]: Total time "gun_deckmounted_twin_01_mesh" in 4 ms
[10:01:44][pdx_3dtypes.cpp:217]: Total time "generic_forestry_loggingcamp_softwoodpiles_03_mesh" in 4 ms
[10:01:44][pdx_3dtypes.cpp:217]: Total time "military_arms_dreyseneedle_mesh" in 4 ms
[10:01:44][pdx_3dtypes.cpp:217]: Total time "powerbloc_statue_attachment_backpack_mesh" in 4 ms
[10:01:44][pdx_3dtypes.cpp:217]: Total time "male_mustache_mihailo_obrenovic_mesh" in 4 ms
[10:01:44][pdx_3dtypes.cpp:217]: Total time "male_outfit_arabic_royal_01_bs_fat_mesh" in 4 ms
[10:01:44][pdx_3dtypes.cpp:217]: Total time "male_outfit_arabic_royal_01_bs_thin_mesh" in 4 ms
[10:01:44][pdx_3dtypes.cpp:217]: Total time "arabic_factory_glassworks_01_mesh" in 4 ms
[10:01:44][pdx_3dtypes.cpp:217]: Total time "powerbloc_statue_attachment_gun_mesh" in 4 ms
[10:01:44][pdx_3dtypes.cpp:217]: Total time "gun_torpedotube_single_02_mesh" in 4 ms
[10:01:44][pdx_3dtypes.cpp:217]: Total time "predreadnought_signalflags_01_mesh" in 4 ms
[10:01:44][pdx_3dtypes.cpp:217]: Total time "destroyer_armour_medium_mesh" in 4 ms
[10:01:44][pdx_3dtypes.cpp:217]: Total time "european_rural_building_poor_03_mesh" in 4 ms
[10:01:44][pdx_3dtypes.cpp:217]: Total time "funnel_small_01_mesh" in 4 ms
[10:01:44][pdx_3dtypes.cpp:217]: Total time "male_sash_european_civilian_03_bs_gaunt_mesh" in 4 ms
[10:01:44][pdx_3dtypes.cpp:217]: Total time "powerbloc_statue_attachment_pitchfork_mesh" in 4 ms
[10:01:44][pdx_3dtypes.cpp:217]: Total time "tree_cypress_001_mesh" in 4 ms
[10:01:44][pdx_3dtypes.cpp:217]: Total time "female_necklace_indian_02_bs_bustsizemax_mesh" in 4 ms
[10:01:44][pdx_3dtypes.cpp:217]: Total time "male_medals_generic_01_05_mesh" in 4 ms
[10:01:44][pdx_3dtypes.cpp:217]: Total time "funnel_tiny_03_mesh" in 4 ms
[10:01:44][pdx_3dtypes.cpp:217]: Total time "male_beard_european_11_mesh" in 4 ms
[10:01:44][pdx_3dtypes.cpp:217]: Total time "torpedoboatdestroyer_armour_medium_mesh" in 4 ms
[10:01:44][pdx_3dtypes.cpp:217]: Total time "oak_tree_03_mesh" in 4 ms
[10:01:44][pdx_3dtypes.cpp:217]: Total time "male_medals_prussian_01_01_mesh" in 4 ms
[10:01:44][pdx_3dtypes.cpp:217]: Total time "powerbloc_statue_attachment_sword_mesh" in 4 ms
[10:01:44][pdx_3dtypes.cpp:217]: Total time "male_mustache_indian_bhagat_singh_mesh" in 4 ms
[10:01:44][pdx_3dtypes.cpp:217]: Total time "male_coat_greek_01_bs_old_mesh" in 4 ms
[10:01:44][pdx_3dtypes.cpp:217]: Total time "monitor_gun_twin_mesh" in 4 ms
[10:01:44][pdx_3dtypes.cpp:217]: Total time "latin_forestry_scatter_02_mesh" in 4 ms
[10:01:44][pdx_3dtypes.cpp:217]: Total time "latin_mining_processing_01_mesh" in 4 ms
[10:01:44][pdx_3dtypes.cpp:217]: Total time "male_sash_european_civilian_03_bs_fat_mesh" in 4 ms
[10:01:44][pdx_3dtypes.cpp:217]: Total time "gun_smallturret_twin_02_mesh" in 4 ms
[10:01:44][pdx_3dtypes.cpp:217]: Total time "gun_bigturret_twintower_01_mesh" in 4 ms
[10:01:44][pdx_3dtypes.cpp:217]: Total time "male_top_layer_greek_01_bs_gaunt_mesh" in 4 ms
[10:01:44][pdx_3dtypes.cpp:217]: Total time "gun_smallturret_twin_01_mesh" in 4 ms
[10:01:44][pdx_3dtypes.cpp:217]: Total time "male_headgear_military_helmet_japanese_type90_mesh" in 4 ms
[10:01:44][pdx_3dtypes.cpp:217]: Total time "male_mustache_dordije_petrovic_njegos_mesh" in 4 ms
[10:01:44][pdx_3dtypes.cpp:217]: Total time "powerbloc_statue_attachment_shield_mesh" in 4 ms
[10:01:44][pdx_3dtypes.cpp:217]: Total time "gun_smallturret_mini_01_mesh" in 4 ms
[10:01:44][pdx_3dtypes.cpp:217]: Total time "powerbloc_statue_attachment_crudehoe_mesh" in 4 ms
[10:01:44][pdx_3dtypes.cpp:217]: Total time "funnel_small_03_mesh" in 4 ms
[10:01:44][pdx_3dtypes.cpp:217]: Total time "male_glasses_round_mesh" in 4 ms
[10:01:44][pdx_3dtypes.cpp:217]: Total time "male_sash_european_civilian_03_bs_old_mesh" in 4 ms
[10:01:44][pdx_3dtypes.cpp:217]: Total time "oak_tree_01_mesh" in 4 ms
[10:01:44][pdx_3dtypes.cpp:217]: Total time "male_medals_prussian_01_04_mesh" in 4 ms
[10:01:44][pdx_3dtypes.cpp:217]: Total time "balkan_forestry_transportation_hardwoodpiles_03_mesh" in 4 ms
[10:01:44][pdx_3dtypes.cpp:217]: Total time "rockformation_07_mesh" in 4 ms
[10:01:44][pdx_3dtypes.cpp:217]: Total time "iceberg_02_mesh" in 4 ms
[10:01:44][pdx_3dtypes.cpp:217]: Total time "male_legwear_greek_01_bs_thin_mesh" in 4 ms
[10:01:44][pdx_3dtypes.cpp:217]: Total time "male_mustache_george_i_of_greece_mesh" in 4 ms
[10:01:44][pdx_3dtypes.cpp:217]: Total time "coastaldefense_turret_mesh" in 4 ms
[10:01:44][pdx_3dtypes.cpp:217]: Total time "balkan_forestry_equipment_02_mesh" in 4 ms
[10:01:44][pdx_3dtypes.cpp:217]: Total time "cliff_canyon_12_mesh" in 4 ms
[10:01:44][pdx_3dtypes.cpp:217]: Total time "cliff_canyon_11_mesh" in 4 ms
[10:01:44][pdx_3dtypes.cpp:217]: Total time "generic_forestry_equipment_01_mesh" in 4 ms
[10:01:44][pdx_3dtypes.cpp:217]: Total time "rockformation_sandstone_03_mesh" in 4 ms
[10:01:44][pdx_3dtypes.cpp:217]: Total time "male_coat_european_military_02_open_collar_mesh" in 4 ms
[10:01:44][pdx_3dtypes.cpp:217]: Total time "male_eyes_mesh" in 4 ms
[10:01:44][pdx_3dtypes.cpp:217]: Total time "generic_forestry_transportation_mixwoodpiles_01_mesh" in 4 ms
[10:01:44][pdx_3dtypes.cpp:217]: Total time "balkan_forestry_transportation_mixwoodpiles_03_mesh" in 4 ms
[10:01:44][pdx_3dtypes.cpp:217]: Total time "latin_manufactory_03_mesh" in 4 ms
[10:01:44][pdx_3dtypes.cpp:217]: Total time "generic_rural_mining_entrance_01_mesh" in 4 ms
[10:01:44][pdx_3dtypes.cpp:217]: Total time "military_arms_sword_mesh" in 4 ms
[10:01:44][pdx_3dtypes.cpp:217]: Total time "male_hair_european_04_mesh" in 4 ms
[10:01:44][pdx_3dtypes.cpp:217]: Total time "train_cargo_steel_02_mesh" in 4 ms
[10:01:44][pdx_3dtypes.cpp:217]: Total time "male_coat_greek_01_bs_gaunt_mesh" in 4 ms
[10:01:44][pdx_3dtypes.cpp:217]: Total time "powerbloc_statue_attachment_trumpet_mesh" in 4 ms
[10:01:44][pdx_3dtypes.cpp:217]: Total time "cliff_canyon_04_mesh" in 4 ms
[10:01:44][pdx_3dtypes.cpp:217]: Total time "iceberg_01_mesh" in 4 ms
[10:01:44][pdx_3dtypes.cpp:217]: Total time "revolution_barricade_small_intelligentsia_mesh" in 4 ms
[10:01:44][pdx_3dtypes.cpp:217]: Total time "train_locomotive_cramptontender_01_mesh" in 4 ms
[10:01:44][pdx_3dtypes.cpp:217]: Total time "male_coat_historical_john_brown_01_bs_infant_mesh" in 4 ms
[10:01:44][pdx_3dtypes.cpp:217]: Total time "male_belt_aggressive_expansion_01_bs_old_mesh" in 4 ms
[10:01:44][pdx_3dtypes.cpp:217]: Total time "male_outfit_greek_fustanella_01_bs_thick_mesh" in 4 ms
[10:01:44][pdx_3dtypes.cpp:217]: Total time "funnel_tiny_02_mesh" in 4 ms
[10:01:44][pdx_3dtypes.cpp:217]: Total time "papermap_table_top_mesh" in 4 ms
[10:01:44][pdx_3dtypes.cpp:217]: Total time "balkan_forestry_loggingcamp_mixwoodpiles_02_mesh" in 4 ms
[10:01:44][pdx_3dtypes.cpp:217]: Total time "tree_fir_005_mesh" in 4 ms
[10:01:44][pdx_3dtypes.cpp:217]: Total time "gun_bigturret_single_01_mesh" in 4 ms
[10:01:44][pdx_3dtypes.cpp:217]: Total time "male_headgear_military_helmet_japanese_m1922_mesh" in 4 ms
[10:01:44][pdx_3dtypes.cpp:217]: Total time "powerbloc_supportelement_basket_01_mesh" in 4 ms
[10:01:44][pdx_3dtypes.cpp:217]: Total time "latin_port_docks_01_mesh" in 4 ms
[10:01:44][pdx_3dtypes.cpp:217]: Total time "train_cargo_hardwood_01_mesh" in 4 ms
[10:01:44][pdx_3dtypes.cpp:217]: Total time "tree_baobab_01_mesh" in 4 ms
[10:01:44][pdx_3dtypes.cpp:217]: Total time "male_headgear_arabic_sattar_khan_mesh" in 4 ms
[10:01:44][pdx_3dtypes.cpp:217]: Total time "monitor_funnel_single_mesh" in 4 ms
[10:01:44][pdx_3dtypes.cpp:217]: Total time "male_outfit_greek_fustanella_01_bs_fat_mesh" in 4 ms
[10:01:44][pdx_3dtypes.cpp:217]: Total time "male_prop_pipe1_01_mesh" in 4 ms
[10:01:44][pdx_3dtypes.cpp:217]: Total time "generic_forestry_transportation_softwoodpiles_03_mesh" in 4 ms
[10:01:44][pdx_3dtypes.cpp:217]: Total time "tree_bush_03_mesh" in 4 ms
[10:01:44][pdx_3dtypes.cpp:217]: Total time "asian_tools_manufactory_01_mesh" in 4 ms
[10:01:44][pdx_3dtypes.cpp:217]: Total time "male_headgear_late_military_cap_navy_regular_mesh" in 4 ms
[10:01:44][pdx_3dtypes.cpp:217]: Total time "european_rural_building_mid_03_mesh" in 4 ms
[10:01:44][pdx_3dtypes.cpp:217]: Total time "tree_palm_02_mesh" in 4 ms
[10:01:44][pdx_3dtypes.cpp:217]: Total time "gun_torpedotube_single_03_mesh" in 4 ms
[10:01:44][pdx_3dtypes.cpp:217]: Total time "prop_pen_mesh" in 4 ms
[10:01:44][pdx_3dtypes.cpp:217]: Total time "military_arms_brownbess_mesh" in 4 ms
[10:01:44][pdx_3dtypes.cpp:217]: Total time "generic_rural_mining_coaldepo_sandstone_01_mesh" in 4 ms
[10:01:44][pdx_3dtypes.cpp:217]: Total time "monitor_gun_twin_heavy_mesh" in 4 ms
[10:01:44][pdx_3dtypes.cpp:217]: Total time "male_coat_historical_john_brown_01_bs_old_mesh" in 4 ms
[10:01:44][pdx_3dtypes.cpp:217]: Total time "papermap_object_divider_mesh" in 4 ms
[10:01:44][pdx_3dtypes.cpp:217]: Total time "male_sashes_tricolor_bs_gaunt_mesh" in 4 ms
[10:01:44][pdx_3dtypes.cpp:217]: Total time "male_medals_generic_01_04_mesh" in 4 ms
[10:01:44][pdx_3dtypes.cpp:217]: Total time "rockformation_sandstone_01_mesh" in 4 ms
[10:01:44][pdx_3dtypes.cpp:217]: Total time "male_coat_greek_01_bs_thick_mesh" in 4 ms
[10:01:44][pdx_3dtypes.cpp:217]: Total time "male_outfit_arabic_royal_01_bs_gaunt_mesh" in 4 ms
[10:01:44][pdx_3dtypes.cpp:217]: Total time "asian_forestry_lumberdepo_01_mesh" in 4 ms
[10:01:44][pdx_3dtypes.cpp:217]: Total time "male_prop_cigar_01_mesh" in 4 ms
[10:01:44][pdx_3dtypes.cpp:217]: Total time "gun_bigturret_single_03_mesh" in 4 ms
[10:01:44][pdx_3dtypes.cpp:217]: Total time "military_diorama_decal_6x6_mesh" in 4 ms
[10:01:44][pdx_3dtypes.cpp:217]: Total time "african_forestry_loggingcamp_01_mesh" in 4 ms
[10:01:44][pdx_3dtypes.cpp:217]: Total time "trimsheet_testasset_mesh" in 4 ms
[10:01:44][pdx_3dtypes.cpp:217]: Total time "female_hair_portuguese_01_mesh" in 4 ms
[10:01:44][pdx_3dtypes.cpp:217]: Total time "male_sash_chinese_agitator_01_mesh" in 4 ms
[10:01:44][pdx_3dtypes.cpp:217]: Total time "male_prop_pipe2_01_mesh" in 4 ms
[10:01:44][pdx_3dtypes.cpp:217]: Total time "powerbloc_statue_attachment_flame_mesh" in 4 ms
[10:01:44][pdx_3dtypes.cpp:217]: Total time "oak_tree_04_mesh" in 4 ms
[10:01:44][pdx_3dtypes.cpp:217]: Total time "gun_sidecannon_small_01_mesh" in 4 ms
[10:01:44][pdx_3dtypes.cpp:217]: Total time "african_furniture_manufactory_01_mesh" in 4 ms
[10:01:44][pdx_3dtypes.cpp:217]: Total time "seaplanetender_armour_medium_mesh" in 4 ms
[10:01:44][pdx_3dtypes.cpp:217]: Total time "male_shirt_greek_01_bs_old_mesh" in 4 ms
[10:01:44][pdx_3dtypes.cpp:217]: Total time "aircraftcarrier_armour_medium_mesh" in 4 ms
[10:01:44][pdx_3dtypes.cpp:217]: Total time "wind_trail_01_mesh" in 4 ms
[10:01:44][pdx_3dtypes.cpp:217]: Total time "male_beard_european_20_mesh" in 4 ms
[10:01:44][pdx_3dtypes.cpp:217]: Total time "colonial_manufactory_02_mesh" in 4 ms
[10:01:44][pdx_3dtypes.cpp:217]: Total time "wonder_wallofchina_03_mesh" in 4 ms
[10:01:44][pdx_3dtypes.cpp:217]: Total time "male_top_layers_indian_scarf_01_bs_gaunt_mesh" in 4 ms
[10:01:44][pdx_3dtypes.cpp:217]: Total time "generic_forestry_loggingcamp_hardwoodpiles_03_mesh" in 4 ms
[10:01:44][pdx_3dtypes.cpp:217]: Total time "tree_bush_02_mesh" in 4 ms
[10:01:44][pdx_3dtypes.cpp:217]: Total time "protectedcruiser_signalflags_01_mesh" in 4 ms
[10:01:44][pdx_3dtypes.cpp:217]: Total time "railroad_bridge_02_small_mesh" in 4 ms
[10:01:44][pdx_3dtypes.cpp:217]: Total time "female_top_layer_religious_cape_bs_bustsizemax_mesh" in 4 ms
[10:01:44][pdx_3dtypes.cpp:217]: Total time "earlyironclad_gunbattery_light_l_mesh" in 4 ms
[10:01:44][pdx_3dtypes.cpp:217]: Total time "balkan_forestry_centerpiece_softwoodpiles_03_mesh" in 4 ms
[10:01:44][pdx_3dtypes.cpp:217]: Total time "train_cargo_log_03_mesh" in 4 ms
[10:01:44][pdx_3dtypes.cpp:217]: Total time "cliff_canyon_14_mesh" in 4 ms
[10:01:44][pdx_3dtypes.cpp:217]: Total time "powerbloc_statue_attachment_walkingcane_mesh" in 4 ms
[10:01:44][pdx_3dtypes.cpp:217]: Total time "dreadnought_signalflags_01_mesh" in 4 ms
[10:01:44][pdx_3dtypes.cpp:217]: Total time "powerbloc_supportelement_crown_01_mesh" in 4 ms
[10:01:44][pdx_3dtypes.cpp:217]: Total time "cliff_canyon_05_mesh" in 4 ms
[10:01:44][pdx_3dtypes.cpp:217]: Total time "balkan_forestry_loggingcamp_mixwoodpiles_01_mesh" in 4 ms
[10:01:44][pdx_3dtypes.cpp:217]: Total time "balkan_forestry_loggingcabin_01_mesh" in 4 ms
[10:01:44][pdx_3dtypes.cpp:217]: Total time "generic_forestry_loggingcamp_mixwoodpiles_01_mesh" in 4 ms
[10:01:44][pdx_3dtypes.cpp:217]: Total time "male_sash_european_02_bs_fat_mesh" in 4 ms
[10:01:44][pdx_3dtypes.cpp:217]: Total time "balkan_forestry_trees_03_mesh" in 4 ms
[10:01:44][pdx_3dtypes.cpp:217]: Total time "funnel_tiny_01_mesh" in 4 ms
[10:01:44][pdx_3dtypes.cpp:217]: Total time "cube_long_mesh" in 4 ms
[10:01:44][pdx_3dtypes.cpp:217]: Total time "male_sashes_tricolor_bs_old_mesh" in 4 ms
[10:01:44][pdx_3dtypes.cpp:217]: Total time "military_props_artillery_mobile_01_mesh" in 4 ms
[10:01:44][pdx_3dtypes.cpp:217]: Total time "tree_rainforest_005_mesh" in 4 ms
[10:01:44][pdx_3dtypes.cpp:217]: Total time "powerbloc_statue_attachment_wrench_mesh" in 4 ms
[10:01:44][pdx_3dtypes.cpp:217]: Total time "male_mustache_european_10_mesh" in 4 ms
[10:01:44][pdx_3dtypes.cpp:217]: Total time "monitor_armour_medium_mesh" in 4 ms
[10:01:44][pdx_3dtypes.cpp:217]: Total time "generic_rural_forestry_camp_01_mesh" in 4 ms
[10:01:44][pdx_3dtypes.cpp:217]: Total time "modernironclad_signalflags_01_mesh" in 4 ms
[10:01:44][pdx_3dtypes.cpp:217]: Total time "balkan_forestry_centerpiece_softwoodpiles_02_mesh" in 4 ms
[10:01:44][pdx_3dtypes.cpp:217]: Total time "furniture_manufactory_01_mesh" in 4 ms
[10:01:44][pdx_3dtypes.cpp:217]: Total time "european_rural_building_rich_04_mesh" in 4 ms
[10:01:44][pdx_3dtypes.cpp:217]: Total time "revolution_barricade_mid_landowners_mesh" in 4 ms
[10:01:44][pdx_3dtypes.cpp:217]: Total time "tree_bush_06_mesh" in 4 ms
[10:01:44][pdx_3dtypes.cpp:217]: Total time "funnel_medium_02_mesh" in 4 ms
[10:01:44][pdx_3dtypes.cpp:217]: Total time "coastaldefenceship_armour_medium_mesh" in 4 ms
[10:01:44][pdx_3dtypes.cpp:217]: Total time "lightcruiser_signalflags_01_mesh" in 4 ms
[10:01:44][pdx_3dtypes.cpp:217]: Total time "european_rural_building_rich_01_mesh" in 4 ms
[10:01:44][pdx_3dtypes.cpp:217]: Total time "earlyironclad_gunbattery_heavy_r_mesh" in 4 ms
[10:01:44][pdx_3dtypes.cpp:217]: Total time "gun_torpedotube_tripple_01_mesh" in 4 ms
[10:01:44][pdx_3dtypes.cpp:217]: Total time "male_headgear_jankoji_rao_scindia_02_mesh" in 4 ms
[10:01:44][pdx_3dtypes.cpp:217]: Total time "male_mustache_asian_02_mesh" in 4 ms
[10:01:44][pdx_3dtypes.cpp:217]: Total time "ironfrigate_signalflags_01_mesh" in 4 ms
[10:01:44][pdx_3dtypes.cpp:217]: Total time "male_headgear_arabic_abdul_hamid_ii_fez_mesh" in 4 ms
[10:01:44][pdx_3dtypes.cpp:217]: Total time "tree_savanna_002_mesh" in 4 ms
[10:01:44][pdx_3dtypes.cpp:217]: Total time "male_mustache_ramgopal_ghosh_mesh" in 4 ms
[10:01:44][pdx_3dtypes.cpp:217]: Total time "male_hair_european_03_mesh" in 4 ms
[10:01:44][pdx_3dtypes.cpp:217]: Total time "powerbloc_statue_attachment_parasol_mesh" in 4 ms
[10:01:44][pdx_3dtypes.cpp:217]: Total time "male_headgear_late_military_cap_japanese_soldier_straps_flaps_mesh" in 4 ms
[10:01:44][pdx_3dtypes.cpp:217]: Total time "powerbloc_statue_attachment_handheldfan_mesh" in 4 ms
[10:01:44][pdx_3dtypes.cpp:217]: Total time "revolution_barricade_mid_armed_forces_mesh" in 4 ms
[10:01:44][pdx_3dtypes.cpp:217]: Total time "latin_port_centerpiece_01_mesh" in 4 ms
[10:01:44][pdx_3dtypes.cpp:217]: Total time "male_top_layers_indian_scarf_01_bs_fat_mesh" in 4 ms
[10:01:44][pdx_3dtypes.cpp:217]: Total time "balkan_forestry_centerpiece_softwoodpiles_01_mesh" in 4 ms
[10:01:44][pdx_3dtypes.cpp:217]: Total time "male_headgear_late_military_cap_japanese_soldier_late_straps_mesh" in 4 ms
[10:01:44][pdx_3dtypes.cpp:217]: Total time "generic_forestry_centerpiece_hardwoodpiles_01_mesh" in 4 ms
[10:01:44][pdx_3dtypes.cpp:217]: Total time "shipoftheline_gunbattery_light_l_mesh" in 4 ms
[10:01:44][pdx_3dtypes.cpp:217]: Total time "asian_mining_coaldepo_01_mesh" in 4 ms
[10:01:44][pdx_3dtypes.cpp:217]: Total time "asian_manufactory_01_mesh" in 4 ms
[10:01:44][pdx_3dtypes.cpp:217]: Total time "tree_baobab_03_mesh" in 4 ms
[10:01:44][pdx_3dtypes.cpp:217]: Total time "gun_torpedotube_double_01_mesh" in 4 ms
[10:01:44][pdx_3dtypes.cpp:217]: Total time "male_sashes_tricolor_bs_thin_mesh" in 4 ms
[10:01:44][pdx_3dtypes.cpp:217]: Total time "female_top_layer_religious_cape_bs_bustsizemin_mesh" in 4 ms
[10:01:44][pdx_3dtypes.cpp:217]: Total time "revolution_barricade_small_petty_bourgeoisie_mesh" in 4 ms
[10:01:44][pdx_3dtypes.cpp:217]: Total time "powerbloc_statue_attachment_book_mesh" in 4 ms
[10:01:44][pdx_3dtypes.cpp:217]: Total time "tree_cypress_mediterranean_01_mesh" in 4 ms
[10:01:44][pdx_3dtypes.cpp:217]: Total time "train_cargo_sulfur_02_mesh" in 4 ms
[10:01:44][pdx_3dtypes.cpp:217]: Total time "train_cargo_iron_02_mesh" in 4 ms
[10:01:44][pdx_3dtypes.cpp:217]: Total time "tree_fir_003_mesh" in 4 ms
[10:01:44][pdx_3dtypes.cpp:217]: Total time "female_glasses_mesh" in 4 ms
[10:01:44][pdx_3dtypes.cpp:217]: Total time "gun_deckgun_armoured_01_mesh" in 3 ms
[10:01:44][pdx_3dtypes.cpp:217]: Total time "male_outfit_greek_fustanella_01_bs_old_mesh" in 3 ms
[10:01:44][pdx_3dtypes.cpp:217]: Total time "male_outfit_greek_fustanella_01_bs_thin_mesh" in 3 ms
[10:01:44][pdx_3dtypes.cpp:217]: Total time "gun_sidecannon_big_01_mesh" in 3 ms
[10:01:44][pdx_3dtypes.cpp:217]: Total time "wonder_wallofchinaend_02_mesh" in 3 ms
[10:01:44][pdx_3dtypes.cpp:217]: Total time "powerbloc_statue_basic_mesh" in 3 ms
[10:01:44][pdx_3dtypes.cpp:217]: Total time "funnel_small_none_01_mesh" in 3 ms
[10:01:44][pdx_3dtypes.cpp:217]: Total time "shipoftheline_signalflags_01_mesh" in 3 ms
[10:01:44][pdx_3dtypes.cpp:217]: Total time "military_arms_mauser98_mesh" in 3 ms
[10:01:44][pdx_3dtypes.cpp:217]: Total time "torpedoboat_armour_medium_mesh" in 3 ms
[10:01:44][pdx_3dtypes.cpp:217]: Total time "male_shirt_greek_01_bs_fat_mesh" in 3 ms
[10:01:44][pdx_3dtypes.cpp:217]: Total time "male_headgear_korean_agitator_01_mesh" in 3 ms
[10:01:44][pdx_3dtypes.cpp:217]: Total time "male_sash_european_civilian_03_bs_thin_mesh" in 3 ms
[10:01:44][pdx_3dtypes.cpp:217]: Total time "balkan_forestry_transportation_hardwoodpiles_01_mesh" in 3 ms
[10:01:44][pdx_3dtypes.cpp:217]: Total time "gun_smallcasemate_case_01_mesh" in 3 ms
[10:01:44][pdx_3dtypes.cpp:217]: Total time "gun_deckgun_noarmour_01_mesh" in 3 ms
[10:01:44][pdx_3dtypes.cpp:217]: Total time "male_belt_austrian_01_bs_gaunt_mesh" in 3 ms
[10:01:44][pdx_3dtypes.cpp:217]: Total time "tree_fir_002_mesh" in 3 ms
[10:01:44][pdx_3dtypes.cpp:217]: Total time "cube_test_mesh" in 3 ms
[10:01:44][pdx_3dtypes.cpp:217]: Total time "generic_forestry_loggingcabin_03_mesh" in 3 ms
[10:01:44][pdx_3dtypes.cpp:217]: Total time "gun_deckmounted_01_mesh" in 3 ms
[10:01:44][pdx_3dtypes.cpp:217]: Total time "balkan_forestry_loggingcamp_softwoodpiles_03_mesh" in 3 ms
[10:01:44][pdx_3dtypes.cpp:217]: Total time "military_arms_saber_mesh" in 3 ms
[10:01:44][pdx_3dtypes.cpp:217]: Total time "male_sash_european_02_bs_gaunt_mesh" in 3 ms
[10:01:44][pdx_3dtypes.cpp:217]: Total time "modernironcald_armour_medium_mesh" in 3 ms
[10:01:44][pdx_3dtypes.cpp:217]: Total time "generic_rural_mining_processing_01_mesh" in 3 ms
[10:01:44][pdx_3dtypes.cpp:217]: Total time "papermap_table_top_votp_mesh" in 3 ms
[10:01:44][pdx_3dtypes.cpp:217]: Total time "test_cube_mesh" in 3 ms
[10:01:44][pdx_3dtypes.cpp:217]: Total time "papermap_table_bottom_ip4_mesh" in 3 ms
[10:01:44][pdx_3dtypes.cpp:217]: Total time "tree_savanna_004_mesh" in 3 ms
[10:01:44][pdx_3dtypes.cpp:217]: Total time "audio_mesh" in 3 ms
[10:01:44][pdx_3dtypes.cpp:217]: Total time "male_shirt_greek_01_bs_thin_mesh" in 3 ms
[10:01:44][pdx_3dtypes.cpp:217]: Total time "male_legwear_circumpolar_01_mesh" in 3 ms
[10:01:44][pdx_3dtypes.cpp:217]: Total time "male_legwear_greek_01_bs_old_mesh" in 3 ms
[10:01:44][pdx_3dtypes.cpp:217]: Total time "powerbloc_statue_hero_soldier_mesh" in 3 ms
[10:01:44][pdx_3dtypes.cpp:217]: Total time "powerbloc_statue_attachment_eagle_mesh" in 3 ms
[10:01:44][pdx_3dtypes.cpp:217]: Total time "balkan_forestry_trees_01_mesh" in 3 ms
[10:01:44][pdx_3dtypes.cpp:217]: Total time "male_mustache_european_15_mesh" in 3 ms
[10:01:44][pdx_3dtypes.cpp:217]: Total time "gun_deckcannon_big_01_mesh" in 3 ms
[10:01:44][pdx_3dtypes.cpp:217]: Total time "naval_order_interception_mesh" in 3 ms
[10:01:44][pdx_3dtypes.cpp:217]: Total time "balkan_forestry_trees_02_mesh" in 3 ms
[10:01:44][pdx_3dtypes.cpp:217]: Total time "male_sash_european_civilian_03_bs_thick_mesh" in 3 ms
[10:01:44][pdx_3dtypes.cpp:217]: Total time "gun_casemate_case_01_mesh" in 3 ms
[10:01:44][pdx_3dtypes.cpp:217]: Total time "funnel_large_none_01_mesh" in 3 ms
[10:01:44][pdx_3dtypes.cpp:217]: Total time "open_deck_gun_01_mesh" in 3 ms
[10:01:44][pdx_3dtypes.cpp:217]: Total time "balkan_forestry_equipment_01_mesh" in 3 ms
[10:01:44][pdx_3dtypes.cpp:217]: Total time "train_cargo_coal_03_mesh" in 3 ms
[10:01:44][pdx_3dtypes.cpp:217]: Total time "train_cargo_iron_01_mesh" in 3 ms
[10:01:44][pdx_3dtypes.cpp:217]: Total time "female_prop_nudity_accessory_mesh" in 3 ms
[10:01:44][pdx_3dtypes.cpp:217]: Total time "funnel_small_02_mesh" in 3 ms
[10:01:44][pdx_3dtypes.cpp:217]: Total time "funnel_trunked_none_01_mesh" in 3 ms
[10:01:44][pdx_3dtypes.cpp:217]: Total time "balkan_forestry_loggingcabin_02_mesh" in 3 ms
[10:01:44][pdx_3dtypes.cpp:217]: Total time "cliff_canyon_10_mesh" in 3 ms
[10:01:44][pdx_3dtypes.cpp:217]: Total time "tree_fir_001_mesh" in 3 ms
[10:01:44][pdx_3dtypes.cpp:217]: Total time "papermap_table_top_ip2_mesh" in 2 ms
[10:01:44][pdx_3dtypes.cpp:217]: Total time "papermap_table_bottom_ip3_mesh" in 2 ms
[10:01:44][pdx_3dtypes.cpp:217]: Total time "papermap_table_bottom_ap1_mesh" in 1 ms
[10:01:44][pdx_3dtypes.cpp:217]: Total time "modernironclad_armour_medium_mesh" in 1 ms
[10:01:57][gamedatabase.h:781]: Failed to cache an item for Message Type! Key: strait_restricted

[10:01:57][gamedatabase.h:781]: Failed to cache an item for Message Type! Key: strait_eased

[10:01:58][pdx_online_telemetry.cpp:25]: [telemetry] quality:medium
[10:01:58][pdx_online_telemetry.cpp:25]: [telemetry] shadowmap_resolution:2048x2048
[10:01:58][pdx_online_telemetry.cpp:25]: [telemetry] texture_quality:medium
[10:01:58][pdx_online_telemetry.cpp:25]: [telemetry] anti_aliasing:MSAAx2
[10:01:58][pdx_online_telemetry.cpp:25]: [telemetry] scale:1
[10:01:58][pdx_json_settings.cpp:425]: [SPdxJsonSettingsIO] Category:"System" Setting:"common" won't be written 
[10:02:00][jomini_effect.cpp:141]: PostValidate of effect 'post_notification' returned false at common/on_actions/00_code_on_actions.txt:4331
[10:02:00][jomini_effect.cpp:141]: PostValidate of effect 'post_notification' returned false at common/on_actions/00_code_on_actions.txt:4385
[10:02:00][jomini_effect.cpp:141]: PostValidate of effect 'post_notification' returned false at common/on_actions/00_code_on_actions.txt:6275
[10:02:00][jomini_effect.cpp:1135]: Variable 'smart_notifications_player_country' is set but is never used. Note that use in localization doesn't count due to technical limitations. Use in unused scripted triggers and effects also does not count
[10:02:04][pdx_transition_task.cpp:328]: Transition Empty->Game took: 50.73065 seconds
[10:02:04][pdx_legal_documents.cpp:110]: 0 legal docs to download.
[10:02:04][player.cpp:153]: CJominiPlayers:::DeleteAllPlayers - #0 players
[10:02:04][pdx_account.cpp:461]: Login succeeded
[10:02:04][pdx_social_profile.cpp:90]: Getting social profile
[10:02:04][portraitmanager.cpp:1056]: Initializing portrait color palettes.
[10:02:04][pdx_account.cpp:1076]: GetAccountInfo succeeded
[10:02:04][pdx_social_profile.cpp:129]: Getting social profile succeeded
[10:02:39][jomini_effect_impl.cpp:454]: common/on_actions/00_code_on_actions.txt:7399: Tory Party Created - Great Britain
[10:02:39][jomini_effect_impl.cpp:454]: common/on_actions/00_code_on_actions.txt:7399: Whig Party Created - Great Britain
[10:02:39][jomini_effect_impl.cpp:454]: common/on_actions/00_code_on_actions.txt:7399: Resistance Party Created - France
[10:02:39][jomini_effect_impl.cpp:454]: common/on_actions/00_code_on_actions.txt:7399: Movement Party Created - France
[10:02:39][jomini_effect_impl.cpp:454]: common/on_actions/00_code_on_actions.txt:7399: Republican Union Created - France
[10:02:39][jomini_effect_impl.cpp:454]: common/on_actions/00_code_on_actions.txt:7399: Democratic Party Created - United States of America
[10:02:39][jomini_effect_impl.cpp:454]: common/on_actions/00_code_on_actions.txt:7399: Whig Party Created - United States of America
[10:02:39][jomini_effect_impl.cpp:454]: common/on_actions/00_code_on_actions.txt:7399: Farmer’s Party Created - Norway
[10:02:39][jomini_effect_impl.cpp:454]: common/on_actions/00_code_on_actions.txt:7399: Høyre Created - Norway
[10:02:39][jomini_effect_impl.cpp:454]: common/on_actions/00_code_on_actions.txt:7399: Venstre Created - Norway
[10:02:39][jomini_effect_impl.cpp:454]: common/on_actions/00_code_on_actions.txt:7399: Catholic Party Created - Belgium
[10:02:39][jomini_effect_impl.cpp:454]: common/on_actions/00_code_on_actions.txt:7399: Free Trade Party Created - Belgium
[10:02:39][jomini_effect_impl.cpp:454]: common/on_actions/00_code_on_actions.txt:7399: Liberal Party Created - Belgium
[10:02:39][jomini_effect_impl.cpp:454]: common/on_actions/00_code_on_actions.txt:7399: Conservative Party Created - Netherlands
[10:02:39][jomini_effect_impl.cpp:454]: common/on_actions/00_code_on_actions.txt:7399: Liberal Union Created - Netherlands
[10:02:39][jomini_effect_impl.cpp:454]: common/on_actions/00_code_on_actions.txt:7399: Patriotic Party Created - Netherlands
[10:02:39][jomini_effect_impl.cpp:454]: common/on_actions/00_code_on_actions.txt:7399: Cartist Party Created - Portugal
[10:02:39][jomini_effect_impl.cpp:454]: common/on_actions/00_code_on_actions.txt:7399: Vintist Party Created - Portugal
[10:02:39][jomini_effect_impl.cpp:454]: common/on_actions/00_code_on_actions.txt:7399: Moderate Party Created - Spain
[10:02:39][jomini_effect_impl.cpp:454]: common/on_actions/00_code_on_actions.txt:7399: Progressive Party Created - Spain
[10:02:39][jomini_effect_impl.cpp:454]: common/on_actions/00_code_on_actions.txt:7399: Conservative Party Created - Bremen
[10:02:39][jomini_effect_impl.cpp:454]: common/on_actions/00_code_on_actions.txt:7399: Free Conservative Party Created - Bremen
[10:02:39][jomini_effect_impl.cpp:454]: common/on_actions/00_code_on_actions.txt:7399: Progress Party Created - Bremen
[10:02:39][jomini_effect_impl.cpp:454]: common/on_actions/00_code_on_actions.txt:7399: Conservative Party Created - Frankfurt
[10:02:39][jomini_effect_impl.cpp:454]: common/on_actions/00_code_on_actions.txt:7399: Progress Party Created - Frankfurt
[10:02:39][jomini_effect_impl.cpp:454]: common/on_actions/00_code_on_actions.txt:7399: Conservative Party Created - Hamburg
[10:02:39][jomini_effect_impl.cpp:454]: common/on_actions/00_code_on_actions.txt:7399: Free Conservative Party Created - Hamburg
[10:02:39][jomini_effect_impl.cpp:454]: common/on_actions/00_code_on_actions.txt:7399: Progress Party Created - Hamburg
[10:02:39][jomini_effect_impl.cpp:454]: common/on_actions/00_code_on_actions.txt:7399: Conservative Party Created - Lübeck
[10:02:39][jomini_effect_impl.cpp:454]: common/on_actions/00_code_on_actions.txt:7399: Progress Party Created - Lübeck
[10:02:39][jomini_effect_impl.cpp:454]: common/on_actions/00_code_on_actions.txt:7399: Conservative Party Created - Grão-Pará
[10:02:39][jomini_effect_impl.cpp:454]: common/on_actions/00_code_on_actions.txt:7399: Conservative Party Created - Krakow
[10:02:39][jomini_effect_impl.cpp:454]: common/on_actions/00_code_on_actions.txt:7399: Free Trade Party Created - Krakow
[10:02:39][jomini_effect_impl.cpp:454]: common/on_actions/00_code_on_actions.txt:7399: Liberal Party Created - Krakow
[10:02:39][jomini_effect_impl.cpp:454]: common/on_actions/00_code_on_actions.txt:7399: Conservative Party Created - Switzerland
[10:02:39][jomini_effect_impl.cpp:454]: common/on_actions/00_code_on_actions.txt:7399: Liberal Democrats Created - Switzerland
[10:02:39][jomini_effect_impl.cpp:454]: common/on_actions/00_code_on_actions.txt:7399: Conservative Party Created - Ionian Islands
[10:02:39][jomini_effect_impl.cpp:454]: common/on_actions/00_code_on_actions.txt:7399: Conservative Party Created - Lanfang
[10:02:39][jomini_effect_impl.cpp:454]: common/on_actions/00_code_on_actions.txt:7399: Liberal Party Created - Lanfang
[10:02:39][jomini_effect_impl.cpp:454]: common/on_actions/00_code_on_actions.txt:7399: Patriotic Party Created - Lanfang
[10:02:39][jomini_effect_impl.cpp:454]: common/on_actions/00_code_on_actions.txt:7399: Conservative Party Created - Lower Canada
[10:02:39][jomini_effect_impl.cpp:454]: common/on_actions/00_code_on_actions.txt:7399: Free Trade Party Created - Lower Canada
[10:02:39][jomini_effect_impl.cpp:454]: common/on_actions/00_code_on_actions.txt:7399: Liberal Party Created - Lower Canada
[10:02:39][jomini_effect_impl.cpp:454]: common/on_actions/00_code_on_actions.txt:7399: Liberal-Conservative Party Created - Upper Canada
[10:02:39][jomini_effect_impl.cpp:454]: common/on_actions/00_code_on_actions.txt:7399: Free Trade Party Created - Upper Canada
[10:02:39][jomini_effect_impl.cpp:454]: common/on_actions/00_code_on_actions.txt:7399: Liberal Party Created - Upper Canada
[10:02:39][jomini_effect_impl.cpp:454]: common/on_actions/00_code_on_actions.txt:7399: Liberal-Conservative Party Created - New Brunswick
[10:02:39][jomini_effect_impl.cpp:454]: common/on_actions/00_code_on_actions.txt:7399: Free Trade Party Created - New Brunswick
[10:02:39][jomini_effect_impl.cpp:454]: common/on_actions/00_code_on_actions.txt:7399: Liberal Party Created - New Brunswick
[10:02:39][jomini_effect_impl.cpp:454]: common/on_actions/00_code_on_actions.txt:7399: Liberal-Conservative Party Created - Nova Scotia
[10:02:39][jomini_effect_impl.cpp:454]: common/on_actions/00_code_on_actions.txt:7399: Liberal Party Created - Nova Scotia
[10:02:39][jomini_effect_impl.cpp:454]: common/on_actions/00_code_on_actions.txt:7399: Patriotic Party Created - Nova Scotia
[10:02:39][jomini_effect_impl.cpp:454]: common/on_actions/00_code_on_actions.txt:7399: Democratic Party Created - Texas
[10:02:39][jomini_effect_impl.cpp:454]: common/on_actions/00_code_on_actions.txt:7399: Conservative Party Created - Central America
[10:02:39][jomini_effect_impl.cpp:454]: common/on_actions/00_code_on_actions.txt:7399: Liberal Party Created - Central America
[10:02:39][jomini_effect_impl.cpp:454]: common/on_actions/00_code_on_actions.txt:7399: Moderate Party Created - Brazil
[10:02:39][jomini_effect_impl.cpp:454]: common/on_actions/00_code_on_actions.txt:7399: Exalted Liberal Party Created - Brazil
[10:02:39][jomini_effect_impl.cpp:454]: common/on_actions/00_code_on_actions.txt:7399: Conservative Party Created - New Granada
[10:02:39][jomini_effect_impl.cpp:454]: common/on_actions/00_code_on_actions.txt:7399: Liberal Party Created - New Granada
[10:02:39][jomini_effect_impl.cpp:454]: common/on_actions/00_code_on_actions.txt:7399: Conservative Party Created - Ecuador
[10:02:39][jomini_effect_impl.cpp:454]: common/on_actions/00_code_on_actions.txt:7399: Liberal Party Created - Ecuador
[10:02:39][jomini_effect_impl.cpp:454]: common/on_actions/00_code_on_actions.txt:7399: Blanco Party Created - Uruguay
[10:02:39][jomini_effect_impl.cpp:454]: common/on_actions/00_code_on_actions.txt:7399: Colorado Party Created - Uruguay
[10:02:39][jomini_effect_impl.cpp:454]: common/on_actions/00_code_on_actions.txt:7399: Patriotic Party Created - Uruguay
[10:02:39][jomini_effect_impl.cpp:454]: common/on_actions/00_code_on_actions.txt:7399: Conservative Party Created - Baltic Governorates
[10:02:39][jomini_effect_impl.cpp:454]: common/on_actions/00_code_on_actions.txt:7399: Liberal Party Created - Baltic Governorates
[10:02:39][jomini_effect_impl.cpp:454]: common/on_actions/00_code_on_actions.txt:7399: Liberal-Conservative Party Created - Columbia District
[10:02:39][jomini_effect_impl.cpp:454]: common/on_actions/00_code_on_actions.txt:7399: Liberal Party Created - Columbia District
[10:02:39][jomini_effect_impl.cpp:454]: common/on_actions/00_code_on_actions.txt:7399: Conservative Party Created - Puerto Rico
[10:02:39][jomini_effect_impl.cpp:454]: common/on_actions/00_code_on_actions.txt:7399: Conservative Party Created - Riograndense Republic
[10:02:39][jomini_effect_impl.cpp:454]: common/on_actions/00_code_on_actions.txt:7399: Conservative Party Created - Winburg
[10:02:39][jomini_effect_impl.cpp:454]: common/on_actions/00_code_on_actions.txt:7399: Conservative Party Created - Potchefstroom
[10:02:39][jomini_effect_impl.cpp:454]: common/on_actions/00_code_on_actions.txt:7399: Conservative Party Created - Kaurna
[10:02:39][jomini_effect_impl.cpp:454]: common/on_actions/00_code_on_actions.txt:7399: Patriotic Party Created - Kaurna
[10:02:49][jomini_mapobject_manager.cpp:3509]: CMapObjectManager::GetVisibleObjects: invalid camera index 0 requested.
[10:03:33][console.cpp:1175]: Running console command: dump_data_types
[10:03:33][console.cpp:1203]: console_success: Data types dumped into 'C:/Users/damie/Documents/Paradox Interactive/Victoria 3/logs/data_types/'
[10:03:42][console.cpp:1175]: Running console command: script_docs
[10:03:42][console.cpp:1203]: console_success: Logs created in directory: docs/
[10:06:21][jomini_effect_impl.cpp:454]: common/on_actions/00_code_on_actions.txt:7414: January 2, 1836: Election Campaign Started - Great Britain
[10:06:21][jomini_effect_impl.cpp:454]: common/on_actions/00_code_on_actions.txt:7414: January 2, 1836: Election Campaign Started - Spain
[10:06:23][jomini_effect_impl.cpp:454]: common/on_actions/00_code_on_actions.txt:7399: Clerical Party Created - France
[10:06:23][jomini_effect_impl.cpp:454]: common/on_actions/00_code_on_actions.txt:7399: Patriotic Party Created - Switzerland
[10:06:23][jomini_effect_impl.cpp:454]: common/on_actions/00_code_on_actions.txt:7399: Patriotic Party Created - Lower Canada
[10:06:42][jomini_effect_impl.cpp:454]: common/on_actions/00_code_on_actions.txt:7399: Patriotic Party Created - Winburg
[10:06:42][jomini_effect_impl.cpp:454]: common/on_actions/00_code_on_actions.txt:7399: Patriotic Party Created - Potchefstroom
[10:06:43][jomini_effect_impl.cpp:454]: common/on_actions/00_code_on_actions.txt:7414: January 18, 1836: Election Campaign Started - Portugal
[10:06:44][jomini_effect_impl.cpp:454]: common/on_actions/00_code_on_actions.txt:7407: Patriotic Party Disbanded - Potchefstroom
[10:06:47][jomini_effect_impl.cpp:454]: common/on_actions/00_code_on_actions.txt:7437: February 2, 1836: Election Campaign Ended - Great Britain
[10:06:48][jomini_effect_impl.cpp:454]: common/on_actions/00_code_on_actions.txt:7399: Peelite Party Created - Great Britain
[10:06:48][jomini_effect_impl.cpp:454]: common/on_actions/00_code_on_actions.txt:7399: Whig Party Created - Texas
[10:06:49][jomini_effect_impl.cpp:454]: common/on_actions/00_code_on_actions.txt:7407: Whig Party Disbanded - Texas
[10:06:52][jomini_effect_impl.cpp:454]: common/on_actions/00_code_on_actions.txt:7399: Patriotic Party Created - Upper Canada
[10:07:26][jomini_effect_impl.cpp:454]: common/on_actions/00_code_on_actions.txt:7399: Whig Party Created - Texas
[10:07:27][jomini_effect_impl.cpp:454]: common/on_actions/00_code_on_actions.txt:7437: February 27, 1836: Election Campaign Ended - Spain
[10:07:29][jomini_effect_impl.cpp:454]: common/on_actions/00_code_on_actions.txt:7407: Whig Party Disbanded - Texas
[10:07:29][jomini_effect_impl.cpp:454]: common/on_actions/00_code_on_actions.txt:7407: Democratic Party Disbanded - Texas
[10:07:30][jomini_effect_impl.cpp:454]: common/on_actions/00_code_on_actions.txt:7414: March 12, 1836: Election Campaign Started - Riograndense Republic
[10:07:35][jomini_effect_impl.cpp:454]: common/on_actions/00_code_on_actions.txt:7414: March 30, 1836: Election Campaign Started - Belgium
[10:07:37][jomini_effect_impl.cpp:454]: common/on_actions/00_code_on_actions.txt:7399: Agrarian Party Created - Kaurna
[10:08:07][pdx_json_settings.cpp:425]: [SPdxJsonSettingsIO] Category:"System" Setting:"common" won't be written 
[10:08:07][application.cpp:1861]: Quit: Quit from inside game
[10:08:08][pdx_transition_task.cpp:328]: Transition Game->Empty took: 1.3593239 seconds
[10:08:08][player.cpp:153]: CJominiPlayers:::DeleteAllPlayers - #1 players
